fetched_utc,match_id,venue,market,selection,line,bid,ask,model,fair
2026-09-26T01:39:23+00:00,20261010-ARS-LEE,kalshi,1x2,H,-1.0,0.53,0.75,0.5962,0.5962
2026-09-26T01:39:23+00:00,20261010-ARS-LEE,kalshi,1x2,A,-1.0,0.08,0.32,0.1531,0.1531
2026-09-26T01:39:23+00:00,20261010-ARS-LEE,kalshi,1x2,D,-1.0,0.11,0.39,0.2507,0.2507
2026-09-26T01:39:23+00:00,20261010-AVL-BRE,kalshi,1x2,H,-1.0,0.31,0.4,0.3655,0.3655
2026-09-26T01:39:23+00:00,20261010-AVL-BRE,kalshi,1x2,A,-1.0,0.32,0.41,0.3748,0.3748
2026-09-26T01:39:23+00:00,20261010-AVL-BRE,kalshi,1x2,D,-1.0,0.23,0.32,0.2597,0.2597
2026-09-26T01:39:23+00:00,20261010-CHE-BOU,kalshi,1x2,H,-1.0,0.49,0.58,0.4149,0.4149
2026-09-26T01:39:23+00:00,20261010-CHE-BOU,kalshi,1x2,A,-1.0,0.18,0.28,0.3379,0.3379
2026-09-26T01:39:23+00:00,20261010-CHE-BOU,kalshi,1x2,D,-1.0,0.18,0.27,0.2471,0.2471
2026-09-26T01:39:23+00:00,20261010-IPS-FUL,kalshi,1x2,H,-1.0,0.31,0.4,0.3093,0.3093
2026-09-26T01:39:23+00:00,20261010-IPS-FUL,kalshi,1x2,A,-1.0,0.33,0.42,0.4148,0.4148
2026-09-26T01:39:23+00:00,20261010-IPS-FUL,kalshi,1x2,D,-1.0,0.22,0.32,0.2759,0.2759
2026-09-26T01:39:23+00:00,20261010-SUN-BHA,kalshi,1x2,H,-1.0,0.3,0.34,0.2956,0.2956
2026-09-26T01:39:23+00:00,20261010-SUN-BHA,kalshi,1x2,A,-1.0,0.38,0.42,0.442,0.442
2026-09-26T01:39:23+00:00,20261010-SUN-BHA,kalshi,1x2,D,-1.0,0.25,0.28,0.2624,0.2624
2026-09-26T01:39:23+00:00,20261010-MUN-TOT,kalshi,1x2,H,-1.0,0.54,0.58,0.5982,0.5982
2026-09-26T01:39:23+00:00,20261010-MUN-TOT,kalshi,1x2,A,-1.0,0.2,0.22,0.1752,0.1752
2026-09-26T01:39:23+00:00,20261010-MUN-TOT,kalshi,1x2,D,-1.0,0.22,0.23,0.2266,0.2266
2026-09-26T07:49:54+00:00,20261010-ARS-LEE,kalshi,1x2,H,-1.0,0.71,0.72,0.5962,0.5962
2026-09-26T07:49:54+00:00,20261010-ARS-LEE,kalshi,1x2,A,-1.0,0.1,0.12,0.1531,0.1531
2026-09-26T07:49:54+00:00,20261010-ARS-LEE,kalshi,1x2,D,-1.0,0.17,0.19,0.2507,0.2507
2026-09-26T07:49:54+00:00,20261010-AVL-BRE,kalshi,1x2,H,-1.0,0.34,0.38,0.3655,0.3655
2026-09-26T07:49:54+00:00,20261010-AVL-BRE,kalshi,1x2,A,-1.0,0.36,0.38,0.3748,0.3748
2026-09-26T07:49:54+00:00,20261010-AVL-BRE,kalshi,1x2,D,-1.0,0.25,0.28,0.2597,0.2597
2026-09-26T07:49:54+00:00,20261010-CHE-BOU,kalshi,1x2,H,-1.0,0.54,0.56,0.4149,0.4149
2026-09-26T07:49:54+00:00,20261010-CHE-BOU,kalshi,1x2,A,-1.0,0.22,0.24,0.3379,0.3379
2026-09-26T07:49:54+00:00,20261010-CHE-BOU,kalshi,1x2,D,-1.0,0.22,0.24,0.2471,0.2471
2026-09-26T07:49:54+00:00,20261010-IPS-FUL,kalshi,1x2,H,-1.0,0.33,0.37,0.3093,0.3093
2026-09-26T07:49:54+00:00,20261010-IPS-FUL,kalshi,1x2,A,-1.0,0.35,0.39,0.4148,0.4148
2026-09-26T07:49:54+00:00,20261010-IPS-FUL,kalshi,1x2,D,-1.0,0.23,0.27,0.2759,0.2759
2026-09-26T07:49:54+00:00,20261010-SUN-BHA,kalshi,1x2,H,-1.0,0.31,0.33,0.2956,0.2956
2026-09-26T07:49:54+00:00,20261010-SUN-BHA,kalshi,1x2,A,-1.0,0.39,0.42,0.442,0.442
2026-09-26T07:49:54+00:00,20261010-MUN-TOT,kalshi,1x2,H,-1.0,0.55,0.57,0.5982,0.5982
2026-09-26T07:49:54+00:00,20261010-MUN-TOT,kalshi,1x2,A,-1.0,0.2,0.23,0.1752,0.1752
2026-09-26T13:12:07+00:00,20261010-AVL-BRE,kalshi,1x2,H,-1.0,0.34,0.37,0.3655,0.3655
2026-09-26T13:12:07+00:00,20261010-AVL-BRE,kalshi,1x2,A,-1.0,0.35,0.38,0.3748,0.3748
2026-09-26T13:12:07+00:00,20261010-CHE-BOU,kalshi,1x2,H,-1.0,0.54,0.55,0.4149,0.4149
2026-09-26T13:12:07+00:00,20261010-CHE-BOU,kalshi,1x2,A,-1.0,0.2,0.23,0.3379,0.3379
2026-09-26T13:12:07+00:00,20261010-CHE-BOU,kalshi,1x2,D,-1.0,0.21,0.24,0.2471,0.2471
2026-09-26T13:12:07+00:00,20261010-MUN-TOT,kalshi,1x2,D,-1.0,0.2,0.23,0.2267,0.2267
2026-09-26T17:15:51+00:00,20261010-ARS-LEE,kalshi,1x2,H,-1.0,0.7,0.72,0.5962,0.5962
2026-09-26T17:15:51+00:00,20261010-ARS-LEE,kalshi,1x2,A,-1.0,0.09,0.12,0.1531,0.1531
2026-09-26T17:15:51+00:00,20261010-ARS-LEE,kalshi,1x2,D,-1.0,0.16,0.19,0.2507,0.2507
2026-09-26T17:15:51+00:00,20261010-AVL-BRE,kalshi,1x2,A,-1.0,0.34,0.38,0.3748,0.3748
2026-09-26T17:15:51+00:00,20261010-CHE-BOU,kalshi,1x2,H,-1.0,0.54,0.56,0.4149,0.4149
2026-09-26T17:15:51+00:00,20261010-CHE-BOU,kalshi,1x2,A,-1.0,0.21,0.23,0.3379,0.3379
2026-09-26T17:15:51+00:00,20261010-IPS-FUL,kalshi,1x2,H,-1.0,0.34,0.37,0.3093,0.3093
2026-09-26T17:15:51+00:00,20261010-IPS-FUL,kalshi,1x2,A,-1.0,0.36,0.39,0.4148,0.4148
2026-09-26T17:15:51+00:00,20261010-IPS-FUL,kalshi,1x2,D,-1.0,0.24,0.27,0.2759,0.2759
2026-09-26T17:15:51+00:00,20261010-SUN-BHA,kalshi,1x2,H,-1.0,0.3,0.33,0.2956,0.2956
2026-09-26T17:15:51+00:00,20261010-SUN-BHA,kalshi,1x2,A,-1.0,0.4,0.42,0.442,0.442
2026-09-26T17:15:51+00:00,20261010-MUN-TOT,kalshi,1x2,D,-1.0,0.21,0.23,0.2267,0.2267
2026-09-26T19:57:41+00:00,20261010-ARS-LEE,kalshi,1x2,H,-1.0,0.7,0.73,0.5962,0.5962
2026-09-26T19:57:41+00:00,20261010-ARS-LEE,kalshi,1x2,A,-1.0,0.08,0.12,0.1531,0.1531
2026-09-26T19:57:41+00:00,20261010-ARS-LEE,kalshi,1x2,D,-1.0,0.15,0.19,0.2507,0.2507
2026-09-26T19:57:41+00:00,20261010-CHE-BOU,kalshi,1x2,A,-1.0,0.2,0.23,0.3379,0.3379
2026-09-26T19:57:41+00:00,20261010-CHE-BOU,kalshi,1x2,D,-1.0,0.2,0.24,0.2471,0.2471
2026-09-26T19:57:41+00:00,20261010-IPS-FUL,kalshi,1x2,H,-1.0,0.33,0.37,0.3093,0.3093
2026-09-26T19:57:41+00:00,20261010-MUN-TOT,kalshi,1x2,H,-1.0,0.54,0.57,0.5982,0.5982
2026-09-26T19:57:41+00:00,20261010-MUN-TOT,kalshi,1x2,D,-1.0,0.19,0.23,0.2267,0.2267
2026-09-26T22:57:48+00:00,20261010-ARS-LEE,kalshi,1x2,H,-1.0,0.71,0.72,0.5962,0.5962
2026-09-26T22:57:48+00:00,20261010-ARS-LEE,kalshi,1x2,A,-1.0,0.1,0.12,0.1531,0.1531
2026-09-26T22:57:48+00:00,20261010-ARS-LEE,kalshi,1x2,D,-1.0,0.16,0.19,0.2507,0.2507
2026-09-26T22:57:48+00:00,20261010-CHE-BOU,kalshi,1x2,A,-1.0,0.21,0.23,0.3379,0.3379
2026-09-26T22:57:48+00:00,20261010-CHE-BOU,kalshi,1x2,D,-1.0,0.21,0.24,0.2471,0.2471
2026-09-26T22:57:48+00:00,20261010-IPS-FUL,kalshi,1x2,H,-1.0,0.34,0.37,0.3093,0.3093
2026-09-26T22:57:48+00:00,20261010-IPS-FUL,kalshi,1x2,A,-1.0,0.35,0.39,0.4148,0.4148
2026-09-26T22:57:48+00:00,20261010-SUN-BHA,kalshi,1x2,D,-1.0,0.26,0.27,0.2624,0.2624
2026-09-26T22:57:48+00:00,20261010-MUN-TOT,kalshi,1x2,H,-1.0,0.55,0.57,0.5982,0.5982
2026-09-26T22:57:48+00:00,20261010-MUN-TOT,kalshi,1x2,D,-1.0,0.21,0.23,0.2267,0.2267
2026-09-27T01:33:07+00:00,20261010-AVL-BRE,kalshi,1x2,D,-1.0,0.23,0.27,0.2597,0.2597
2026-09-27T01:33:07+00:00,20261010-MUN-TOT,kalshi,1x2,H,-1.0,0.54,0.57,0.5982,0.5982
2026-09-27T01:33:07+00:00,20261010-MUN-TOT,kalshi,1x2,D,-1.0,0.21,0.22,0.2267,0.2267
2026-09-27T01:33:07+00:00,20261011-CRY-NFO,kalshi,1x2,H,-1.0,0.31,0.41,0.386,0.386
2026-09-27T01:33:07+00:00,20261011-CRY-NFO,kalshi,1x2,A,-1.0,0.31,0.39,0.336,0.336
2026-09-27T01:33:07+00:00,20261011-CRY-NFO,kalshi,1x2,D,-1.0,0.24,0.34,0.278,0.278
2026-09-27T01:33:07+00:00,20261011-HUL-EVE,kalshi,1x2,H,-1.0,0.21,0.29,0.3115,0.3115
2026-09-27T01:33:07+00:00,20261011-HUL-EVE,kalshi,1x2,A,-1.0,0.41,0.51,0.3871,0.3871
2026-09-27T01:33:07+00:00,20261011-HUL-EVE,kalshi,1x2,D,-1.0,0.24,0.33,0.3013,0.3013
2026-09-27T01:33:07+00:00,20261011-LIV-MCI,kalshi,1x2,H,-1.0,0.33,0.56,0.3317,0.3317
2026-09-27T01:33:07+00:00,20261011-LIV-MCI,kalshi,1x2,A,-1.0,0.32,0.42,0.4137,0.4137
2026-09-27T01:33:07+00:00,20261011-LIV-MCI,kalshi,1x2,D,-1.0,0.16,0.3,0.2546,0.2546
2026-09-27T08:19:28+00:00,20261010-ARS-LEE,kalshi,1x2,A,-1.0,0.08,0.12,0.1531,0.1531
2026-09-27T08:19:28+00:00,20261010-ARS-LEE,kalshi,1x2,D,-1.0,0.15,0.19,0.2507,0.2507
2026-09-27T08:19:28+00:00,20261010-ARS-LEE,polymarket,1x2,H,-1.0,0.7,0.71,0.5962,0.5962
2026-09-27T08:19:28+00:00,20261010-ARS-LEE,polymarket,1x2,D,-1.0,0.18,0.2,0.2507,0.2507
2026-09-27T08:19:28+00:00,20261010-ARS-LEE,polymarket,1x2,A,-1.0,0.11,0.12,0.1531,0.1531
2026-09-27T08:19:28+00:00,20261010-ARS-LEE,polymarket,total,over,2.5,0.52,0.55,0.4759,0.4759
2026-09-27T08:19:28+00:00,20261010-ARS-LEE,polymarket,total,under,2.5,0.45,0.48,0.5241,0.5241
2026-09-27T08:19:28+00:00,20261010-AVL-BRE,polymarket,1x2,H,-1.0,0.35,0.37,0.3655,0.3655
2026-09-27T08:19:28+00:00,20261010-AVL-BRE,polymarket,1x2,D,-1.0,0.27,0.28,0.2597,0.2597
2026-09-27T08:19:28+00:00,20261010-AVL-BRE,polymarket,1x2,A,-1.0,0.36,0.38,0.3748,0.3748
2026-09-27T08:19:28+00:00,20261010-AVL-BRE,polymarket,total,over,2.5,0.56,0.58,0.6022,0.6022
2026-09-27T08:19:28+00:00,20261010-AVL-BRE,polymarket,total,under,2.5,0.42,0.44,0.3978,0.3978
2026-09-27T08:19:28+00:00,20261010-CHE-BOU,kalshi,1x2,A,-1.0,0.21,0.22,0.3379,0.3379
2026-09-27T08:19:28+00:00,20261010-CHE-BOU,kalshi,1x2,D,-1.0,0.2,0.24,0.2471,0.2471
2026-09-27T08:19:28+00:00,20261010-CHE-BOU,polymarket,1x2,H,-1.0,0.53,0.55,0.4149,0.4149
2026-09-27T08:19:28+00:00,20261010-CHE-BOU,polymarket,1x2,D,-1.0,0.23,0.24,0.2471,0.2471
2026-09-27T08:19:28+00:00,20261010-CHE-BOU,polymarket,1x2,A,-1.0,0.22,0.24,0.3379,0.3379
2026-09-27T08:19:28+00:00,20261010-CHE-BOU,polymarket,total,over,2.5,0.63,0.66,0.6512,0.6512
2026-09-27T08:19:28+00:00,20261010-CHE-BOU,polymarket,total,under,2.5,0.34,0.37,0.3488,0.3488
2026-09-27T08:19:28+00:00,20261010-IPS-FUL,kalshi,1x2,H,-1.0,0.33,0.37,0.3093,0.3093
2026-09-27T08:19:28+00:00,20261010-IPS-FUL,polymarket,1x2,H,-1.0,0.34,0.36,0.3093,0.3093
2026-09-27T08:19:28+00:00,20261010-IPS-FUL,polymarket,1x2,D,-1.0,0.26,0.28,0.2759,0.2759
2026-09-27T08:19:28+00:00,20261010-IPS-FUL,polymarket,1x2,A,-1.0,0.37,0.38,0.4148,0.4148
2026-09-27T08:19:28+00:00,20261010-IPS-FUL,polymarket,total,over,2.5,0.53,0.56,0.5265,0.5265
2026-09-27T08:19:28+00:00,20261010-IPS-FUL,polymarket,total,under,2.5,0.44,0.47,0.4735,0.4735
2026-09-27T08:19:28+00:00,20261010-SUN-BHA,kalshi,1x2,D,-1.0,0.24,0.27,0.2624,0.2624
2026-09-27T08:19:28+00:00,20261010-SUN-BHA,polymarket,1x2,H,-1.0,0.31,0.33,0.2956,0.2956
2026-09-27T08:19:28+00:00,20261010-SUN-BHA,polymarket,1x2,D,-1.0,0.27,0.29,0.2624,0.2624
2026-09-27T08:19:28+00:00,20261010-SUN-BHA,polymarket,1x2,A,-1.0,0.4,0.42,0.442,0.442
2026-09-27T08:19:28+00:00,20261010-SUN-BHA,polymarket,total,over,2.5,0.52,0.54,0.5746,0.5746
2026-09-27T08:19:28+00:00,20261010-SUN-BHA,polymarket,total,under,2.5,0.46,0.48,0.4254,0.4254
2026-09-27T08:19:28+00:00,20261010-MUN-TOT,kalshi,1x2,H,-1.0,0.55,0.56,0.5982,0.5982
2026-09-27T08:19:28+00:00,20261010-MUN-TOT,kalshi,1x2,D,-1.0,0.2,0.22,0.2267,0.2267
2026-09-27T08:19:28+00:00,20261010-MUN-TOT,polymarket,1x2,H,-1.0,0.55,0.56,0.5982,0.5982
2026-09-27T08:19:28+00:00,20261010-MUN-TOT,polymarket,1x2,D,-1.0,0.22,0.24,0.2267,0.2267
2026-09-27T08:19:28+00:00,20261010-MUN-TOT,polymarket,1x2,A,-1.0,0.21,0.23,0.1752,0.1752
2026-09-27T08:19:28+00:00,20261010-MUN-TOT,polymarket,total,over,2.5,0.63,0.65,0.6019,0.6019
2026-09-27T08:19:28+00:00,20261010-MUN-TOT,polymarket,total,under,2.5,0.35,0.37,0.3981,0.3981
2026-09-27T08:19:28+00:00,20261011-CRY-NFO,kalshi,1x2,H,-1.0,0.34,0.38,0.386,0.386
2026-09-27T08:19:28+00:00,20261011-CRY-NFO,kalshi,1x2,A,-1.0,0.33,0.37,0.336,0.336
2026-09-27T08:19:28+00:00,20261011-CRY-NFO,kalshi,1x2,D,-1.0,0.25,0.29,0.278,0.278
2026-09-27T08:19:28+00:00,20261011-HUL-EVE,kalshi,1x2,H,-1.0,0.22,0.26,0.3115,0.3115
2026-09-27T08:19:28+00:00,20261011-HUL-EVE,kalshi,1x2,A,-1.0,0.45,0.48,0.3872,0.3872
2026-09-27T08:19:28+00:00,20261011-HUL-EVE,kalshi,1x2,D,-1.0,0.25,0.29,0.3013,0.3013
2026-09-27T08:19:28+00:00,20261011-LIV-MCI,kalshi,1x2,H,-1.0,0.35,0.38,0.3317,0.3317
2026-09-27T08:19:28+00:00,20261011-LIV-MCI,kalshi,1x2,A,-1.0,0.35,0.39,0.4136,0.4136
2026-09-27T08:19:28+00:00,20261011-LIV-MCI,kalshi,1x2,D,-1.0,0.17,0.25,0.2546,0.2546
2026-09-27T14:44:22+00:00,20261010-ARS-LEE,kalshi,1x2,H,-1.0,0.7,0.73,0.5962,0.5962
2026-09-27T14:44:22+00:00,20261010-ARS-LEE,kalshi,1x2,D,-1.0,0.14,0.18,0.2507,0.2507
2026-09-27T14:44:22+00:00,20261010-ARS-LEE,polymarket,1x2,A,-1.0,0.1,0.12,0.1531,0.1531
2026-09-27T14:44:22+00:00,20261010-ARS-LEE,polymarket,total,over,2.5,0.53,0.55,0.4759,0.4759
2026-09-27T14:44:22+00:00,20261010-ARS-LEE,polymarket,total,under,2.5,0.45,0.47,0.5241,0.5241
2026-09-27T14:44:22+00:00,20261010-AVL-BRE,kalshi,1x2,A,-1.0,0.36,0.38,0.3748,0.3748
2026-09-27T14:44:22+00:00,20261010-AVL-BRE,kalshi,1x2,D,-1.0,0.25,0.27,0.2597,0.2597
2026-09-27T14:44:22+00:00,20261010-CHE-BOU,kalshi,1x2,H,-1.0,0.56,0.58,0.4149,0.4149
2026-09-27T14:44:22+00:00,20261010-CHE-BOU,kalshi,1x2,A,-1.0,0.2,0.21,0.3379,0.3379
2026-09-27T14:44:22+00:00,20261010-CHE-BOU,kalshi,1x2,D,-1.0,0.22,0.23,0.2471,0.2471
2026-09-27T14:44:22+00:00,20261010-CHE-BOU,polymarket,1x2,H,-1.0,0.56,0.57,0.4149,0.4149
2026-09-27T14:44:22+00:00,20261010-CHE-BOU,polymarket,1x2,A,-1.0,0.2,0.22,0.3379,0.3379
2026-09-27T14:44:22+00:00,20261010-CHE-BOU,polymarket,total,over,2.5,0.64,0.66,0.6512,0.6512
2026-09-27T14:44:22+00:00,20261010-CHE-BOU,polymarket,total,under,2.5,0.34,0.36,0.3488,0.3488
2026-09-27T14:44:22+00:00,20261010-IPS-FUL,kalshi,1x2,D,-1.0,0.23,0.27,0.2759,0.2759
2026-09-27T14:44:22+00:00,20261010-SUN-BHA,kalshi,1x2,D,-1.0,0.26,0.27,0.2624,0.2624
2026-09-27T14:44:22+00:00,20261010-MUN-TOT,kalshi,1x2,H,-1.0,0.55,0.57,0.5982,0.5982
2026-09-27T14:44:22+00:00,20261010-MUN-TOT,kalshi,1x2,A,-1.0,0.21,0.23,0.1752,0.1752
2026-09-27T14:44:22+00:00,20261010-MUN-TOT,kalshi,1x2,D,-1.0,0.19,0.22,0.2267,0.2267
2026-09-27T14:44:22+00:00,20261010-MUN-TOT,polymarket,1x2,D,-1.0,0.22,0.23,0.2267,0.2267
2026-09-27T14:44:22+00:00,20261011-CRY-NFO,kalshi,1x2,H,-1.0,0.35,0.38,0.386,0.386
2026-09-27T14:44:22+00:00,20261011-CRY-NFO,kalshi,1x2,D,-1.0,0.26,0.29,0.278,0.278
2026-09-27T14:44:22+00:00,20261011-HUL-EVE,kalshi,1x2,A,-1.0,0.44,0.48,0.3872,0.3872
2026-09-27T14:44:22+00:00,20261011-LIV-MCI,kalshi,1x2,A,-1.0,0.36,0.39,0.4136,0.4136
2026-09-27T14:44:22+00:00,20261011-LIV-MCI,kalshi,1x2,D,-1.0,0.22,0.26,0.2546,0.2546
2026-09-27T19:02:05+00:00,20261010-ARS-LEE,kalshi,1x2,H,-1.0,0.71,0.72,0.5962,0.5962
2026-09-27T19:02:05+00:00,20261010-ARS-LEE,kalshi,1x2,A,-1.0,0.1,0.12,0.1531,0.1531
2026-09-27T19:02:05+00:00,20261010-ARS-LEE,kalshi,1x2,D,-1.0,0.17,0.19,0.2507,0.2507
2026-09-27T19:02:05+00:00,20261010-AVL-BRE,kalshi,1x2,A,-1.0,0.35,0.38,0.3748,0.3748
2026-09-27T19:02:05+00:00,20261010-AVL-BRE,kalshi,1x2,D,-1.0,0.26,0.28,0.2597,0.2597
2026-09-27T19:02:05+00:00,20261010-CHE-BOU,kalshi,1x2,H,-1.0,0.56,0.57,0.4149,0.4149
2026-09-27T19:02:05+00:00,20261010-IPS-FUL,kalshi,1x2,D,-1.0,0.26,0.27,0.2759,0.2759
2026-09-27T19:02:05+00:00,20261010-SUN-BHA,kalshi,1x2,A,-1.0,0.41,0.42,0.442,0.442
2026-09-27T19:02:05+00:00,20261010-MUN-TOT,kalshi,1x2,D,-1.0,0.21,0.22,0.2267,0.2267
2026-09-27T19:02:05+00:00,20261010-MUN-TOT,polymarket,1x2,H,-1.0,0.55,0.57,0.5982,0.5982
2026-09-27T19:02:05+00:00,20261011-CRY-NFO,kalshi,1x2,H,-1.0,0.34,0.38,0.386,0.386
2026-09-27T19:02:05+00:00,20261011-CRY-NFO,kalshi,1x2,D,-1.0,0.28,0.29,0.278,0.278
2026-09-27T19:02:05+00:00,20261011-HUL-EVE,kalshi,1x2,D,-1.0,0.28,0.29,0.3013,0.3013
2026-09-27T19:02:05+00:00,20261011-LIV-MCI,kalshi,1x2,H,-1.0,0.35,0.37,0.3317,0.3317
2026-09-27T19:02:05+00:00,20261011-LIV-MCI,kalshi,1x2,A,-1.0,0.37,0.39,0.4136,0.4136
2026-09-27T19:02:05+00:00,20261011-LIV-MCI,kalshi,1x2,D,-1.0,0.25,0.26,0.2546,0.2546
2026-09-27T22:18:26+00:00,20261010-ARS-LEE,polymarket,1x2,H,-1.0,0.7,0.72,0.5962,0.5962
2026-09-27T22:18:26+00:00,20261010-ARS-LEE,polymarket,1x2,D,-1.0,0.18,0.19,0.2507,0.2507
2026-09-27T22:18:26+00:00,20261010-ARS-LEE,polymarket,total,over,2.5,0.54,0.55,0.4759,0.4759
2026-09-27T22:18:26+00:00,20261010-ARS-LEE,polymarket,total,under,2.5,0.45,0.46,0.5241,0.5241
2026-09-27T22:18:26+00:00,20261010-AVL-BRE,polymarket,total,over,2.5,0.54,0.6,0.6022,0.6022
2026-09-27T22:18:26+00:00,20261010-AVL-BRE,polymarket,total,under,2.5,0.4,0.46,0.3978,0.3978
2026-09-27T22:18:26+00:00,20261010-CHE-BOU,kalshi,1x2,H,-1.0,0.57,0.58,0.4149,0.4149
2026-09-27T22:18:26+00:00,20261010-CHE-BOU,kalshi,1x2,A,-1.0,0.19,0.21,0.3379,0.3379
2026-09-27T22:18:26+00:00,20261010-CHE-BOU,polymarket,total,over,2.5,0.64,0.65,0.6512,0.6512
2026-09-27T22:18:26+00:00,20261010-CHE-BOU,polymarket,total,under,2.5,0.35,0.36,0.3488,0.3488
2026-09-27T22:18:26+00:00,20261010-IPS-FUL,polymarket,1x2,H,-1.0,0.32,0.36,0.3093,0.3093
2026-09-27T22:18:26+00:00,20261010-IPS-FUL,polymarket,total,over,2.5,0.52,0.57,0.5265,0.5265
2026-09-27T22:18:26+00:00,20261010-IPS-FUL,polymarket,total,under,2.5,0.43,0.48,0.4735,0.4735
2026-09-27T22:18:26+00:00,20261010-SUN-BHA,polymarket,1x2,H,-1.0,0.3,0.33,0.2956,0.2956
2026-09-27T22:18:26+00:00,20261010-SUN-BHA,polymarket,total,over,2.5,0.51,0.56,0.5746,0.5746
2026-09-27T22:18:26+00:00,20261010-SUN-BHA,polymarket,total,under,2.5,0.44,0.49,0.4254,0.4254
2026-09-27T22:18:26+00:00,20261010-MUN-TOT,kalshi,1x2,H,-1.0,0.56,0.57,0.5982,0.5982
2026-09-27T22:18:26+00:00,20261010-MUN-TOT,kalshi,1x2,A,-1.0,0.2,0.22,0.1752,0.1752
2026-09-27T22:18:26+00:00,20261010-MUN-TOT,polymarket,1x2,H,-1.0,0.55,0.58,0.5982,0.5982
2026-09-27T22:18:26+00:00,20261010-MUN-TOT,polymarket,total,over,2.5,0.61,0.67,0.6019,0.6019
2026-09-27T22:18:26+00:00,20261010-MUN-TOT,polymarket,total,under,2.5,0.33,0.39,0.3981,0.3981
2026-09-27T22:18:26+00:00,20261011-LIV-MCI,kalshi,1x2,A,-1.0,0.37,0.4,0.4136,0.4136
2026-09-28T01:44:44+00:00,20261010-ARS-LEE,kalshi,1x2,A,-1.0,0.1,0.11,0.1531,0.1531
2026-09-28T01:44:44+00:00,20261010-ARS-LEE,polymarket,1x2,H,-1.0,0.71,0.72,0.5962,0.5962
2026-09-28T01:44:44+00:00,20261010-AVL-BRE,polymarket,1x2,H,-1.0,0.36,0.37,0.3655,0.3655
2026-09-28T01:44:44+00:00,20261010-AVL-BRE,polymarket,total,over,2.5,0.56,0.58,0.6022,0.6022
2026-09-28T01:44:44+00:00,20261010-AVL-BRE,polymarket,total,under,2.5,0.42,0.44,0.3978,0.3978
2026-09-28T01:44:44+00:00,20261010-CHE-BOU,kalshi,1x2,A,-1.0,0.2,0.21,0.3379,0.3379
2026-09-28T01:44:44+00:00,20261010-IPS-FUL,polymarket,1x2,H,-1.0,0.34,0.36,0.3093,0.3093
2026-09-28T01:44:44+00:00,20261010-IPS-FUL,polymarket,total,over,2.5,0.53,0.56,0.5265,0.5265
2026-09-28T01:44:44+00:00,20261010-IPS-FUL,polymarket,total,under,2.5,0.44,0.47,0.4735,0.4735
2026-09-28T01:44:44+00:00,20261010-SUN-BHA,polymarket,1x2,H,-1.0,0.31,0.32,0.2956,0.2956
2026-09-28T01:44:44+00:00,20261010-SUN-BHA,polymarket,1x2,A,-1.0,0.41,0.42,0.442,0.442
2026-09-28T01:44:44+00:00,20261010-SUN-BHA,polymarket,total,over,2.5,0.52,0.54,0.5746,0.5746
2026-09-28T01:44:44+00:00,20261010-SUN-BHA,polymarket,total,under,2.5,0.46,0.48,0.4254,0.4254
2026-09-28T01:44:44+00:00,20261010-MUN-TOT,polymarket,1x2,D,-1.0,0.22,0.24,0.2267,0.2267
2026-09-28T01:44:44+00:00,20261010-MUN-TOT,polymarket,total,over,2.5,0.63,0.65,0.6019,0.6019
2026-09-28T01:44:44+00:00,20261010-MUN-TOT,polymarket,total,under,2.5,0.35,0.37,0.3981,0.3981
2026-09-28T01:44:44+00:00,20261011-HUL-EVE,kalshi,1x2,H,-1.0,0.23,0.27,0.3115,0.3115
2026-09-28T01:44:44+00:00,20261012-COV-NEW,kalshi,1x2,H,-1.0,0.24,0.3,0.2686,0.2686
2026-09-28T01:44:44+00:00,20261012-COV-NEW,kalshi,1x2,A,-1.0,0.41,0.49,0.4699,0.4699
2026-09-28T01:44:44+00:00,20261012-COV-NEW,kalshi,1x2,D,-1.0,0.22,0.28,0.2615,0.2615
2026-09-28T08:46:50+00:00,20261010-ARS-LEE,kalshi,1x2,H,-1.0,0.72,0.73,0.5962,0.5962
2026-09-28T08:46:50+00:00,20261010-ARS-LEE,kalshi,1x2,A,-1.0,0.09,0.11,0.1531,0.1531
2026-09-28T08:46:50+00:00,20261010-CHE-BOU,kalshi,1x2,H,-1.0,0.56,0.57,0.4149,0.4149
2026-09-28T08:46:50+00:00,20261010-CHE-BOU,polymarket,total,over,2.5,0.64,0.66,0.6512,0.6512
2026-09-28T08:46:50+00:00,20261010-CHE-BOU,polymarket,total,under,2.5,0.34,0.36,0.3488,0.3488
2026-09-28T08:46:50+00:00,20261010-IPS-FUL,kalshi,1x2,H,-1.0,0.34,0.37,0.3093,0.3093
2026-09-28T08:46:50+00:00,20261010-IPS-FUL,polymarket,1x2,H,-1.0,0.35,0.36,0.3093,0.3093
2026-09-28T08:46:50+00:00,20261010-SUN-BHA,kalshi,1x2,A,-1.0,0.4,0.42,0.442,0.442
2026-09-28T08:46:50+00:00,20261010-MUN-TOT,kalshi,1x2,H,-1.0,0.57,0.58,0.5981,0.5981
2026-09-28T08:46:50+00:00,20261010-MUN-TOT,polymarket,1x2,H,-1.0,0.55,0.57,0.5981,0.5981
2026-09-28T08:46:50+00:00,20261010-MUN-TOT,polymarket,1x2,D,-1.0,0.22,0.23,0.2267,0.2267
2026-09-28T08:46:50+00:00,20261011-CRY-NFO,polymarket,1x2,H,-1.0,0.35,0.37,0.386,0.386
2026-09-28T08:46:50+00:00,20261011-CRY-NFO,polymarket,1x2,D,-1.0,0.29,0.3,0.278,0.278
2026-09-28T08:46:50+00:00,20261011-CRY-NFO,polymarket,1x2,A,-1.0,0.34,0.36,0.336,0.336
2026-09-28T08:46:50+00:00,20261011-CRY-NFO,polymarket,total,over,2.5,0.47,0.48,0.5248,0.5248
2026-09-28T08:46:50+00:00,20261011-CRY-NFO,polymarket,total,under,2.5,0.52,0.53,0.4752,0.4752
2026-09-28T08:46:50+00:00,20261011-HUL-EVE,kalshi,1x2,H,-1.0,0.24,0.26,0.3115,0.3115
2026-09-28T08:46:50+00:00,20261011-HUL-EVE,polymarket,1x2,H,-1.0,0.25,0.26,0.3115,0.3115
2026-09-28T08:46:50+00:00,20261011-HUL-EVE,polymarket,1x2,D,-1.0,0.28,0.29,0.3012,0.3012
2026-09-28T08:46:50+00:00,20261011-HUL-EVE,polymarket,1x2,A,-1.0,0.45,0.47,0.3873,0.3873
2026-09-28T08:46:50+00:00,20261011-HUL-EVE,polymarket,total,over,2.5,0.44,0.46,0.4331,0.4331
2026-09-28T08:46:50+00:00,20261011-HUL-EVE,polymarket,total,under,2.5,0.54,0.56,0.5669,0.5669
2026-09-28T08:46:50+00:00,20261011-LIV-MCI,kalshi,1x2,H,-1.0,0.33,0.37,0.3317,0.3317
2026-09-28T08:46:50+00:00,20261011-LIV-MCI,kalshi,1x2,A,-1.0,0.38,0.4,0.4136,0.4136
2026-09-28T08:46:50+00:00,20261011-LIV-MCI,polymarket,1x2,H,-1.0,0.36,0.38,0.3317,0.3317
2026-09-28T08:46:50+00:00,20261011-LIV-MCI,polymarket,1x2,D,-1.0,0.25,0.26,0.2546,0.2546
2026-09-28T08:46:50+00:00,20261011-LIV-MCI,polymarket,1x2,A,-1.0,0.37,0.39,0.4136,0.4136
2026-09-28T08:46:50+00:00,20261011-LIV-MCI,polymarket,total,over,2.5,0.6,0.63,0.6187,0.6187
2026-09-28T08:46:50+00:00,20261011-LIV-MCI,polymarket,total,under,2.5,0.37,0.4,0.3813,0.3813
2026-09-28T08:46:50+00:00,20261012-COV-NEW,kalshi,1x2,H,-1.0,0.27,0.3,0.2686,0.2686
2026-09-28T08:46:50+00:00,20261012-COV-NEW,kalshi,1x2,A,-1.0,0.43,0.46,0.4699,0.4699
2026-09-28T08:46:50+00:00,20261012-COV-NEW,kalshi,1x2,D,-1.0,0.24,0.27,0.2615,0.2615
2026-09-28T17:42:47+00:00,20261010-ARS-LEE,kalshi,1x2,A,-1.0,0.1,0.11,0.1531,0.1531
2026-09-28T17:42:47+00:00,20261010-ARS-LEE,polymarket,1x2,A,-1.0,0.1,0.11,0.1531,0.1531
2026-09-28T17:42:47+00:00,20261010-ARS-LEE,polymarket,total,over,2.5,0.54,0.56,0.4759,0.4759
2026-09-28T17:42:47+00:00,20261010-ARS-LEE,polymarket,total,under,2.5,0.44,0.46,0.5241,0.5241
2026-09-28T17:42:47+00:00,20261010-AVL-BRE,kalshi,1x2,H,-1.0,0.35,0.37,0.3655,0.3655
2026-09-28T17:42:47+00:00,20261010-AVL-BRE,kalshi,1x2,A,-1.0,0.36,0.38,0.3748,0.3748
2026-09-28T17:42:47+00:00,20261010-AVL-BRE,polymarket,1x2,A,-1.0,0.37,0.38,0.3748,0.3748
2026-09-28T17:42:47+00:00,20261010-AVL-BRE,polymarket,total,over,2.5,0.56,0.57,0.6022,0.6022
2026-09-28T17:42:47+00:00,20261010-AVL-BRE,polymarket,total,under,2.5,0.43,0.44,0.3978,0.3978
2026-09-28T17:42:47+00:00,20261010-CHE-BOU,kalshi,1x2,H,-1.0,0.56,0.58,0.4149,0.4149
2026-09-28T17:42:47+00:00,20261010-CHE-BOU,kalshi,1x2,A,-1.0,0.19,0.21,0.3379,0.3379
2026-09-28T17:42:47+00:00,20261010-CHE-BOU,polymarket,1x2,A,-1.0,0.2,0.21,0.3379,0.3379
2026-09-28T17:42:47+00:00,20261010-IPS-FUL,kalshi,1x2,H,-1.0,0.34,0.36,0.3093,0.3093
2026-09-28T17:42:47+00:00,20261010-IPS-FUL,kalshi,1x2,A,-1.0,0.36,0.39,0.4147,0.4147
2026-09-28T17:42:47+00:00,20261010-IPS-FUL,polymarket,1x2,H,-1.0,0.34,0.37,0.3093,0.3093
2026-09-28T17:42:47+00:00,20261010-IPS-FUL,polymarket,1x2,A,-1.0,0.37,0.39,0.4147,0.4147
2026-09-28T17:42:47+00:00,20261010-SUN-BHA,kalshi,1x2,H,-1.0,0.31,0.33,0.2956,0.2956
2026-09-28T17:42:47+00:00,20261010-SUN-BHA,polymarket,1x2,A,-1.0,0.4,0.41,0.442,0.442
2026-09-28T17:42:47+00:00,20261010-MUN-TOT,kalshi,1x2,H,-1.0,0.56,0.57,0.5981,0.5981
2026-09-28T17:42:47+00:00,20261010-MUN-TOT,kalshi,1x2,A,-1.0,0.2,0.23,0.1752,0.1752
2026-09-28T17:42:47+00:00,20261010-MUN-TOT,polymarket,1x2,H,-1.0,0.56,0.57,0.5981,0.5981
2026-09-28T17:42:47+00:00,20261010-MUN-TOT,polymarket,total,over,2.5,0.63,0.64,0.6019,0.6019
2026-09-28T17:42:47+00:00,20261010-MUN-TOT,polymarket,total,under,2.5,0.36,0.37,0.3981,0.3981
2026-09-28T17:42:47+00:00,20261011-CRY-NFO,kalshi,1x2,H,-1.0,0.35,0.37,0.386,0.386
2026-09-28T17:42:47+00:00,20261011-CRY-NFO,kalshi,1x2,A,-1.0,0.34,0.36,0.336,0.336
2026-09-28T17:42:47+00:00,20261011-CRY-NFO,polymarket,1x2,H,-1.0,0.36,0.37,0.386,0.386
2026-09-28T17:42:47+00:00,20261011-CRY-NFO,polymarket,1x2,A,-1.0,0.35,0.36,0.336,0.336
2026-09-28T17:42:47+00:00,20261011-HUL-EVE,kalshi,1x2,H,-1.0,0.23,0.26,0.3114,0.3114
2026-09-28T17:42:47+00:00,20261011-HUL-EVE,kalshi,1x2,A,-1.0,0.45,0.47,0.3873,0.3873
2026-09-28T17:42:47+00:00,20261011-HUL-EVE,polymarket,1x2,A,-1.0,0.45,0.48,0.3873,0.3873
2026-09-28T17:42:47+00:00,20261011-LIV-MCI,kalshi,1x2,H,-1.0,0.35,0.36,0.3317,0.3317
2026-09-28T17:42:47+00:00,20261011-LIV-MCI,kalshi,1x2,A,-1.0,0.4,0.41,0.4136,0.4136
2026-09-28T17:42:47+00:00,20261011-LIV-MCI,polymarket,1x2,H,-1.0,0.34,0.36,0.3317,0.3317
2026-09-28T17:42:47+00:00,20261011-LIV-MCI,polymarket,1x2,A,-1.0,0.39,0.4,0.4136,0.4136
2026-09-28T17:42:47+00:00,20261012-COV-NEW,kalshi,1x2,A,-1.0,0.44,0.46,0.4699,0.4699
2026-09-28T17:42:47+00:00,20261012-COV-NEW,kalshi,1x2,D,-1.0,0.25,0.27,0.2615,0.2615
2026-09-28T23:22:08+00:00,20261010-ARS-LEE,kalshi,1x2,A,-1.0,0.11,0.12,0.1531,0.1531
2026-09-28T23:22:08+00:00,20261010-AVL-BRE,kalshi,1x2,A,-1.0,0.35,0.37,0.3748,0.3748
2026-09-28T23:22:08+00:00,20261010-CHE-BOU,polymarket,total,over,2.5,0.65,0.66,0.6512,0.6512
2026-09-28T23:22:08+00:00,20261010-CHE-BOU,polymarket,total,under,2.5,0.34,0.35,0.3488,0.3488
2026-09-28T23:22:08+00:00,20261010-IPS-FUL,kalshi,1x2,H,-1.0,0.34,0.37,0.3093,0.3093
2026-09-28T23:22:08+00:00,20261010-IPS-FUL,kalshi,1x2,D,-1.0,0.26,0.28,0.2759,0.2759
2026-09-28T23:22:08+00:00,20261010-SUN-BHA,kalshi,1x2,H,-1.0,0.3,0.33,0.2956,0.2956
2026-09-28T23:22:08+00:00,20261010-SUN-BHA,kalshi,1x2,A,-1.0,0.4,0.41,0.442,0.442
2026-09-28T23:22:08+00:00,20261010-MUN-TOT,kalshi,1x2,A,-1.0,0.2,0.22,0.1752,0.1752
2026-09-28T23:22:08+00:00,20261010-MUN-TOT,polymarket,1x2,A,-1.0,0.21,0.22,0.1752,0.1752
2026-09-28T23:22:08+00:00,20261011-CRY-NFO,kalshi,1x2,H,-1.0,0.31,0.38,0.386,0.386
2026-09-28T23:22:08+00:00,20261011-CRY-NFO,kalshi,1x2,A,-1.0,0.3,0.37,0.336,0.336
2026-09-28T23:22:08+00:00,20261011-HUL-EVE,kalshi,1x2,H,-1.0,0.22,0.26,0.3114,0.3114
2026-09-28T23:22:08+00:00,20261011-HUL-EVE,kalshi,1x2,A,-1.0,0.44,0.45,0.3874,0.3874
2026-09-28T23:22:08+00:00,20261011-HUL-EVE,polymarket,1x2,H,-1.0,0.24,0.26,0.3114,0.3114
2026-09-28T23:22:08+00:00,20261011-LIV-MCI,polymarket,1x2,H,-1.0,0.35,0.36,0.3317,0.3317
2026-09-29T05:51:29+00:00,20261010-ARS-LEE,kalshi,1x2,H,-1.0,0.71,0.72,0.5962,0.5962
2026-09-29T05:51:29+00:00,20261010-ARS-LEE,kalshi,1x2,A,-1.0,0.11,0.13,0.1531,0.1531
2026-09-29T05:51:29+00:00,20261010-CHE-BOU,kalshi,1x2,H,-1.0,0.56,0.57,0.4149,0.4149
2026-09-29T05:51:29+00:00,20261010-CHE-BOU,kalshi,1x2,A,-1.0,0.2,0.21,0.3379,0.3379
2026-09-29T05:51:29+00:00,20261010-CHE-BOU,polymarket,1x2,A,-1.0,0.2,0.22,0.3379,0.3379
2026-09-29T05:51:29+00:00,20261010-IPS-FUL,kalshi,1x2,D,-1.0,0.26,0.27,0.2759,0.2759
2026-09-29T05:51:29+00:00,20261010-IPS-FUL,polymarket,1x2,H,-1.0,0.35,0.37,0.3094,0.3094
2026-09-29T05:51:29+00:00,20261010-MUN-TOT,polymarket,1x2,H,-1.0,0.55,0.57,0.5981,0.5981
2026-09-29T05:51:29+00:00,20261011-CRY-NFO,kalshi,1x2,H,-1.0,0.34,0.37,0.386,0.386
2026-09-29T05:51:29+00:00,20261011-CRY-NFO,kalshi,1x2,A,-1.0,0.33,0.37,0.336,0.336
2026-09-29T05:51:29+00:00,20261011-CRY-NFO,polymarket,total,over,2.5,0.46,0.48,0.5248,0.5248
2026-09-29T05:51:29+00:00,20261011-CRY-NFO,polymarket,total,under,2.5,0.52,0.54,0.4752,0.4752
2026-09-29T05:51:29+00:00,20261011-HUL-EVE,kalshi,1x2,A,-1.0,0.44,0.47,0.3874,0.3874
2026-09-29T05:51:29+00:00,20261011-HUL-EVE,polymarket,1x2,A,-1.0,0.45,0.47,0.3874,0.3874
2026-09-29T05:51:29+00:00,20261011-LIV-MCI,polymarket,total,over,2.5,0.6,0.62,0.6187,0.6187
2026-09-29T05:51:29+00:00,20261011-LIV-MCI,polymarket,total,under,2.5,0.38,0.4,0.3813,0.3813
2026-09-29T05:51:29+00:00,20261012-COV-NEW,kalshi,1x2,A,-1.0,0.43,0.46,0.4699,0.4699
2026-09-29T05:51:29+00:00,20261012-COV-NEW,polymarket,1x2,H,-1.0,0.28,0.3,0.2686,0.2686
2026-09-29T05:51:29+00:00,20261012-COV-NEW,polymarket,1x2,D,-1.0,0.26,0.27,0.2615,0.2615
2026-09-29T05:51:29+00:00,20261012-COV-NEW,polymarket,1x2,A,-1.0,0.44,0.45,0.4699,0.4699
2026-09-29T05:51:29+00:00,20261012-COV-NEW,polymarket,total,over,2.5,0.56,0.59,0.5635,0.5635
2026-09-29T05:51:29+00:00,20261012-COV-NEW,polymarket,total,under,2.5,0.41,0.44,0.4365,0.4365
2026-09-29T13:03:51+00:00,20261010-IPS-FUL,kalshi,1x2,H,-1.0,0.34,0.36,0.3094,0.3094
2026-09-29T13:03:51+00:00,20261010-IPS-FUL,kalshi,1x2,A,-1.0,0.37,0.39,0.4147,0.4147
2026-09-29T13:03:51+00:00,20261010-IPS-FUL,polymarket,1x2,H,-1.0,0.35,0.36,0.3094,0.3094
2026-09-29T13:03:51+00:00,20261010-IPS-FUL,polymarket,1x2,A,-1.0,0.37,0.38,0.4147,0.4147
2026-09-29T13:03:51+00:00,20261010-SUN-BHA,kalshi,1x2,H,-1.0,0.31,0.33,0.2956,0.2956
2026-09-29T13:03:51+00:00,20261010-SUN-BHA,polymarket,1x2,H,-1.0,0.31,0.33,0.2956,0.2956
2026-09-29T13:03:51+00:00,20261010-MUN-TOT,polymarket,total,over,2.5,0.63,0.65,0.6019,0.6019
2026-09-29T13:03:51+00:00,20261010-MUN-TOT,polymarket,total,under,2.5,0.35,0.37,0.3981,0.3981
2026-09-29T13:03:51+00:00,20261011-CRY-NFO,kalshi,1x2,H,-1.0,0.35,0.37,0.386,0.386
2026-09-29T13:03:51+00:00,20261011-CRY-NFO,kalshi,1x2,A,-1.0,0.33,0.36,0.336,0.336
2026-09-29T13:03:51+00:00,20261011-HUL-EVE,kalshi,1x2,H,-1.0,0.23,0.26,0.3114,0.3114
2026-09-29T13:03:51+00:00,20261011-LIV-MCI,kalshi,1x2,H,-1.0,0.34,0.36,0.3317,0.3317
2026-09-29T13:03:51+00:00,20261011-LIV-MCI,kalshi,1x2,A,-1.0,0.39,0.41,0.4136,0.4136
2026-09-29T13:03:51+00:00,20261011-LIV-MCI,polymarket,total,over,2.5,0.6,0.63,0.6187,0.6187
2026-09-29T13:03:51+00:00,20261011-LIV-MCI,polymarket,total,under,2.5,0.37,0.4,0.3813,0.3813
2026-09-29T18:41:14+00:00,20261010-ARS-LEE,kalshi,1x2,H,-1.0,0.7,0.71,0.5962,0.5962
2026-09-29T18:41:14+00:00,20261010-ARS-LEE,kalshi,1x2,A,-1.0,0.11,0.12,0.1531,0.1531
2026-09-29T18:41:14+00:00,20261010-ARS-LEE,kalshi,1x2,D,-1.0,0.17,0.18,0.2507,0.2507
2026-09-29T18:41:14+00:00,20261010-AVL-BRE,kalshi,1x2,A,-1.0,0.35,0.38,0.3748,0.3748
2026-09-29T18:41:14+00:00,20261010-CHE-BOU,kalshi,1x2,H,-1.0,0.56,0.59,0.4149,0.4149
2026-09-29T18:41:14+00:00,20261010-CHE-BOU,polymarket,1x2,A,-1.0,0.21,0.22,0.3379,0.3379
2026-09-29T18:41:14+00:00,20261010-IPS-FUL,kalshi,1x2,A,-1.0,0.36,0.39,0.4147,0.4147
2026-09-29T18:41:14+00:00,20261010-IPS-FUL,kalshi,1x2,D,-1.0,0.26,0.28,0.2759,0.2759
2026-09-29T18:41:14+00:00,20261010-IPS-FUL,polymarket,1x2,A,-1.0,0.37,0.39,0.4147,0.4147
2026-09-29T18:41:14+00:00,20261010-SUN-BHA,kalshi,1x2,D,-1.0,0.26,0.28,0.2624,0.2624
2026-09-29T18:41:14+00:00,20261010-MUN-TOT,kalshi,1x2,A,-1.0,0.21,0.22,0.1752,0.1752
2026-09-29T18:41:14+00:00,20261011-CRY-NFO,kalshi,1x2,H,-1.0,0.34,0.37,0.386,0.386
2026-09-29T18:41:14+00:00,20261011-HUL-EVE,kalshi,1x2,H,-1.0,0.23,0.27,0.3114,0.3114
2026-09-29T18:41:14+00:00,20261011-HUL-EVE,polymarket,1x2,A,-1.0,0.46,0.47,0.3875,0.3875
2026-09-29T18:41:14+00:00,20261011-LIV-MCI,kalshi,1x2,H,-1.0,0.35,0.36,0.3317,0.3317
2026-09-29T18:41:14+00:00,20261011-LIV-MCI,kalshi,1x2,A,-1.0,0.4,0.41,0.4136,0.4136
2026-09-29T18:41:14+00:00,20261011-LIV-MCI,polymarket,total,over,2.5,0.6,0.62,0.6187,0.6187
2026-09-29T18:41:14+00:00,20261011-LIV-MCI,polymarket,total,under,2.5,0.38,0.4,0.3813,0.3813
2026-09-29T18:41:14+00:00,20261012-COV-NEW,kalshi,1x2,H,-1.0,0.26,0.3,0.2687,0.2687
2026-09-29T18:41:14+00:00,20261012-COV-NEW,kalshi,1x2,D,-1.0,0.25,0.28,0.2615,0.2615
2026-09-29T18:41:14+00:00,20261012-COV-NEW,polymarket,1x2,H,-1.0,0.29,0.3,0.2687,0.2687
2026-09-29T23:01:05+00:00,20261010-ARS-LEE,kalshi,1x2,H,-1.0,0.71,0.73,0.5962,0.5962
2026-09-29T23:01:05+00:00,20261010-AVL-BRE,kalshi,1x2,D,-1.0,0.26,0.27,0.2597,0.2597
2026-09-29T23:01:05+00:00,20261010-AVL-BRE,polymarket,total,over,2.5,0.56,0.58,0.6022,0.6022
2026-09-29T23:01:05+00:00,20261010-AVL-BRE,polymarket,total,under,2.5,0.42,0.44,0.3978,0.3978
2026-09-29T23:01:05+00:00,20261010-CHE-BOU,kalshi,1x2,H,-1.0,0.56,0.57,0.4149,0.4149
2026-09-29T23:01:05+00:00,20261010-SUN-BHA,polymarket,1x2,D,-1.0,0.27,0.28,0.2624,0.2624
2026-09-29T23:01:05+00:00,20261010-MUN-TOT,kalshi,1x2,H,-1.0,0.56,0.58,0.5981,0.5981
2026-09-29T23:01:05+00:00,20261011-LIV-MCI,kalshi,1x2,H,-1.0,0.35,0.37,0.3318,0.3318
2026-09-29T23:01:05+00:00,20261011-LIV-MCI,kalshi,1x2,A,-1.0,0.39,0.4,0.4136,0.4136
2026-09-29T23:01:05+00:00,20261011-LIV-MCI,polymarket,1x2,H,-1.0,0.36,0.37,0.3318,0.3318
2026-09-29T23:01:05+00:00,20261011-LIV-MCI,polymarket,1x2,A,-1.0,0.38,0.39,0.4136,0.4136
2026-09-30T02:10:51+00:00,20261010-ARS-LEE,kalshi,1x2,H,-1.0,0.72,0.73,0.5962,0.5962
2026-09-30T02:10:51+00:00,20261010-AVL-BRE,kalshi,1x2,A,-1.0,0.35,0.37,0.3748,0.3748
2026-09-30T02:10:51+00:00,20261010-CHE-BOU,polymarket,1x2,A,-1.0,0.2,0.22,0.3379,0.3379
2026-09-30T02:10:51+00:00,20261010-MUN-TOT,kalshi,1x2,H,-1.0,0.56,0.57,0.5981,0.5981
2026-09-30T02:10:51+00:00,20261010-MUN-TOT,kalshi,1x2,A,-1.0,0.19,0.22,0.1752,0.1752
2026-09-30T02:10:51+00:00,20261010-MUN-TOT,polymarket,total,over,2.5,0.63,0.64,0.6019,0.6019
2026-09-30T02:10:51+00:00,20261010-MUN-TOT,polymarket,total,under,2.5,0.36,0.37,0.3981,0.3981
2026-09-30T02:10:51+00:00,20261011-CRY-NFO,polymarket,1x2,A,-1.0,0.35,0.37,0.336,0.336
2026-09-30T02:10:51+00:00,20261011-LIV-MCI,kalshi,1x2,H,-1.0,0.36,0.37,0.3318,0.3318
2026-09-30T02:10:51+00:00,20261011-LIV-MCI,kalshi,1x2,A,-1.0,0.38,0.39,0.4136,0.4136
2026-09-30T02:10:51+00:00,20261012-COV-NEW,polymarket,total,over,2.5,0.56,0.57,0.5635,0.5635
2026-09-30T02:10:51+00:00,20261012-COV-NEW,polymarket,total,under,2.5,0.43,0.44,0.4365,0.4365
2026-09-30T08:41:05+00:00,20261010-AVL-BRE,kalshi,1x2,A,-1.0,0.35,0.38,0.3748,0.3748
2026-09-30T08:41:05+00:00,20261010-AVL-BRE,polymarket,1x2,A,-1.0,0.36,0.38,0.3748,0.3748
2026-09-30T08:41:05+00:00,20261010-AVL-BRE,polymarket,total,over,2.5,0.56,0.57,0.6022,0.6022
2026-09-30T08:41:05+00:00,20261010-AVL-BRE,polymarket,total,under,2.5,0.43,0.44,0.3978,0.3978
2026-09-30T08:41:05+00:00,20261010-CHE-BOU,polymarket,1x2,A,-1.0,0.2,0.21,0.3379,0.3379
2026-09-30T08:41:05+00:00,20261010-IPS-FUL,kalshi,1x2,H,-1.0,0.33,0.36,0.3094,0.3094
2026-09-30T08:41:05+00:00,20261010-IPS-FUL,polymarket,1x2,H,-1.0,0.34,0.36,0.3094,0.3094
2026-09-30T08:41:05+00:00,20261010-IPS-FUL,polymarket,1x2,A,-1.0,0.37,0.38,0.4147,0.4147
2026-09-30T08:41:05+00:00,20261010-IPS-FUL,polymarket,total,over,2.5,0.53,0.55,0.5264,0.5264
2026-09-30T08:41:05+00:00,20261010-IPS-FUL,polymarket,total,under,2.5,0.45,0.47,0.4736,0.4736
2026-09-30T08:41:05+00:00,20261010-SUN-BHA,kalshi,1x2,D,-1.0,0.26,0.27,0.2624,0.2624
2026-09-30T08:41:05+00:00,20261010-SUN-BHA,polymarket,1x2,D,-1.0,0.27,0.29,0.2624,0.2624
2026-09-30T08:41:05+00:00,20261010-SUN-BHA,polymarket,total,over,2.5,0.52,0.53,0.5745,0.5745
2026-09-30T08:41:05+00:00,20261010-SUN-BHA,polymarket,total,under,2.5,0.47,0.48,0.4255,0.4255
2026-09-30T08:41:05+00:00,20261010-MUN-TOT,kalshi,1x2,A,-1.0,0.2,0.22,0.1752,0.1752
2026-09-30T08:41:05+00:00,20261010-MUN-TOT,polymarket,1x2,H,-1.0,0.56,0.57,0.5981,0.5981
2026-09-30T08:41:05+00:00,20261010-MUN-TOT,polymarket,total,over,2.5,0.63,0.65,0.6019,0.6019
2026-09-30T08:41:05+00:00,20261010-MUN-TOT,polymarket,total,under,2.5,0.35,0.37,0.3981,0.3981
2026-09-30T08:41:05+00:00,20261011-HUL-EVE,polymarket,1x2,H,-1.0,0.25,0.26,0.3113,0.3113
2026-09-30T08:41:05+00:00,20261011-HUL-EVE,polymarket,total,over,2.5,0.45,0.46,0.4334,0.4334
2026-09-30T08:41:05+00:00,20261011-HUL-EVE,polymarket,total,under,2.5,0.54,0.55,0.5666,0.5666
2026-09-30T08:41:05+00:00,20261011-LIV-MCI,kalshi,1x2,H,-1.0,0.37,0.38,0.3318,0.3318
2026-09-30T08:41:05+00:00,20261011-LIV-MCI,polymarket,1x2,H,-1.0,0.37,0.38,0.3318,0.3318
2026-09-30T08:41:05+00:00,20261012-COV-NEW,kalshi,1x2,A,-1.0,0.43,0.45,0.4699,0.4699
2026-09-30T08:41:05+00:00,20261012-COV-NEW,polymarket,1x2,H,-1.0,0.28,0.3,0.2687,0.2687
2026-09-30T08:41:05+00:00,20261012-COV-NEW,polymarket,total,over,2.5,0.56,0.59,0.5636,0.5636
2026-09-30T08:41:05+00:00,20261012-COV-NEW,polymarket,total,under,2.5,0.41,0.44,0.4364,0.4364
2026-09-30T15:58:27+00:00,20261010-ARS-LEE,kalshi,1x2,H,-1.0,0.73,0.74,0.5962,0.5962
2026-09-30T15:58:27+00:00,20261010-CHE-BOU,kalshi,1x2,H,-1.0,0.55,0.57,0.4149,0.4149
2026-09-30T15:58:27+00:00,20261010-IPS-FUL,polymarket,1x2,H,-1.0,0.35,0.36,0.3094,0.3094
2026-09-30T15:58:27+00:00,20261010-IPS-FUL,polymarket,1x2,D,-1.0,0.26,0.27,0.276,0.276
2026-09-30T15:58:27+00:00,20261010-IPS-FUL,polymarket,total,over,2.5,0.54,0.55,0.5264,0.5264
2026-09-30T15:58:27+00:00,20261010-IPS-FUL,polymarket,total,under,2.5,0.45,0.46,0.4736,0.4736
2026-09-30T15:58:27+00:00,20261010-SUN-BHA,kalshi,1x2,H,-1.0,0.29,0.33,0.2956,0.2956
2026-09-30T15:58:27+00:00,20261010-SUN-BHA,polymarket,1x2,H,-1.0,0.32,0.33,0.2956,0.2956
2026-09-30T15:58:27+00:00,20261010-SUN-BHA,polymarket,1x2,D,-1.0,0.27,0.28,0.2624,0.2624
2026-09-30T15:58:27+00:00,20261010-MUN-TOT,kalshi,1x2,A,-1.0,0.21,0.22,0.1752,0.1752
2026-09-30T15:58:27+00:00,20261010-MUN-TOT,polymarket,total,over,2.5,0.63,0.64,0.6019,0.6019
2026-09-30T15:58:27+00:00,20261010-MUN-TOT,polymarket,total,under,2.5,0.36,0.37,0.3981,0.3981
2026-09-30T15:58:27+00:00,20261011-CRY-NFO,kalshi,1x2,H,-1.0,0.34,0.36,0.386,0.386
2026-09-30T15:58:27+00:00,20261011-CRY-NFO,kalshi,1x2,A,-1.0,0.32,0.36,0.336,0.336
2026-09-30T15:58:27+00:00,20261011-CRY-NFO,polymarket,1x2,A,-1.0,0.35,0.36,0.336,0.336
2026-09-30T15:58:27+00:00,20261011-CRY-NFO,polymarket,total,over,2.5,0.47,0.48,0.5248,0.5248
2026-09-30T15:58:27+00:00,20261011-CRY-NFO,polymarket,total,under,2.5,0.52,0.53,0.4752,0.4752
2026-09-30T15:58:27+00:00,20261011-HUL-EVE,kalshi,1x2,A,-1.0,0.44,0.48,0.3876,0.3876
2026-09-30T15:58:27+00:00,20261011-LIV-MCI,kalshi,1x2,A,-1.0,0.37,0.38,0.4136,0.4136
2026-09-30T15:58:27+00:00,20261012-COV-NEW,kalshi,1x2,H,-1.0,0.28,0.31,0.2687,0.2687
2026-09-30T15:58:27+00:00,20261012-COV-NEW,kalshi,1x2,A,-1.0,0.43,0.44,0.4699,0.4699
2026-09-30T15:58:27+00:00,20261012-COV-NEW,polymarket,1x2,H,-1.0,0.29,0.3,0.2687,0.2687
2026-09-30T20:51:43+00:00,20261010-ARS-LEE,kalshi,1x2,H,-1.0,0.72,0.73,0.5962,0.5962
2026-09-30T20:51:43+00:00,20261010-AVL-BRE,polymarket,total,over,2.5,0.56,0.58,0.6022,0.6022
2026-09-30T20:51:43+00:00,20261010-AVL-BRE,polymarket,total,under,2.5,0.42,0.44,0.3978,0.3978
2026-09-30T20:51:43+00:00,20261010-CHE-BOU,polymarket,1x2,A,-1.0,0.2,0.22,0.3379,0.3379
2026-09-30T20:51:43+00:00,20261010-IPS-FUL,polymarket,total,over,2.5,0.53,0.55,0.5264,0.5264
2026-09-30T20:51:43+00:00,20261010-IPS-FUL,polymarket,total,under,2.5,0.45,0.47,0.4736,0.4736
2026-09-30T20:51:43+00:00,20261010-MUN-TOT,kalshi,1x2,H,-1.0,0.55,0.57,0.5981,0.5981
2026-09-30T20:51:43+00:00,20261010-MUN-TOT,kalshi,1x2,A,-1.0,0.2,0.22,0.1752,0.1752
2026-09-30T20:51:43+00:00,20261010-MUN-TOT,polymarket,total,over,2.5,0.63,0.65,0.6019,0.6019
2026-09-30T20:51:43+00:00,20261010-MUN-TOT,polymarket,total,under,2.5,0.35,0.37,0.3981,0.3981
2026-09-30T20:51:43+00:00,20261011-CRY-NFO,polymarket,1x2,A,-1.0,0.35,0.37,0.336,0.336
2026-09-30T20:51:43+00:00,20261011-CRY-NFO,polymarket,total,over,2.5,0.46,0.48,0.5248,0.5248
2026-09-30T20:51:43+00:00,20261011-CRY-NFO,polymarket,total,under,2.5,0.52,0.54,0.4752,0.4752
2026-09-30T20:51:43+00:00,20261011-LIV-MCI,kalshi,1x2,A,-1.0,0.38,0.39,0.4136,0.4136
2026-09-30T20:51:43+00:00,20261012-COV-NEW,kalshi,1x2,H,-1.0,0.28,0.3,0.2687,0.2687
2026-09-30T20:51:43+00:00,20261012-COV-NEW,kalshi,1x2,A,-1.0,0.43,0.45,0.4699,0.4699
2026-09-30T20:51:43+00:00,20261012-COV-NEW,kalshi,1x2,D,-1.0,0.25,0.27,0.2614,0.2614
2026-10-01T00:36:37+00:00,20261010-ARS-LEE,kalshi,1x2,H,-1.0,0.73,0.74,0.5962,0.5962
2026-10-01T00:36:37+00:00,20261010-CHE-BOU,kalshi,1x2,H,-1.0,0.56,0.57,0.4149,0.4149
2026-10-01T00:36:37+00:00,20261010-IPS-FUL,polymarket,1x2,A,-1.0,0.36,0.38,0.4146,0.4146
2026-10-01T00:36:37+00:00,20261010-SUN-BHA,kalshi,1x2,H,-1.0,0.3,0.32,0.2956,0.2956
2026-10-01T00:36:37+00:00,20261010-SUN-BHA,kalshi,1x2,D,-1.0,0.26,0.28,0.2624,0.2624
2026-10-01T00:36:37+00:00,20261010-SUN-BHA,polymarket,1x2,H,-1.0,0.31,0.33,0.2956,0.2956
2026-10-01T00:36:37+00:00,20261010-MUN-TOT,kalshi,1x2,H,-1.0,0.56,0.57,0.5981,0.5981
2026-10-01T00:36:37+00:00,20261010-MUN-TOT,kalshi,1x2,A,-1.0,0.21,0.22,0.1752,0.1752
2026-10-01T00:36:37+00:00,20261010-MUN-TOT,polymarket,1x2,H,-1.0,0.56,0.58,0.5981,0.5981
2026-10-01T00:36:37+00:00,20261011-CRY-NFO,kalshi,1x2,A,-1.0,0.34,0.36,0.336,0.336
2026-10-01T00:36:37+00:00,20261011-LIV-MCI,kalshi,1x2,A,-1.0,0.37,0.38,0.4136,0.4136
2026-10-01T07:14:11+00:00,20261010-ARS-LEE,kalshi,1x2,H,-1.0,0.72,0.73,0.5962,0.5962
2026-10-01T07:14:11+00:00,20261010-ARS-LEE,polymarket,1x2,H,-1.0,0.7,0.71,0.5962,0.5962
2026-10-01T07:14:11+00:00,20261010-AVL-BRE,kalshi,1x2,H,-1.0,0.35,0.38,0.3655,0.3655
2026-10-01T07:14:11+00:00,20261010-AVL-BRE,polymarket,total,over,2.5,0.56,0.57,0.6022,0.6022
2026-10-01T07:14:11+00:00,20261010-AVL-BRE,polymarket,total,under,2.5,0.43,0.44,0.3978,0.3978
2026-10-01T07:14:11+00:00,20261010-CHE-BOU,kalshi,1x2,H,-1.0,0.57,0.58,0.4149,0.4149
2026-10-01T07:14:11+00:00,20261010-CHE-BOU,kalshi,1x2,A,-1.0,0.2,0.22,0.3379,0.3379
2026-10-01T07:14:11+00:00,20261010-IPS-FUL,kalshi,1x2,H,-1.0,0.34,0.37,0.3094,0.3094
2026-10-01T07:14:11+00:00,20261010-IPS-FUL,kalshi,1x2,A,-1.0,0.36,0.38,0.4146,0.4146
2026-10-01T07:14:11+00:00,20261010-IPS-FUL,kalshi,1x2,D,-1.0,0.26,0.27,0.276,0.276
2026-10-01T07:14:11+00:00,20261010-IPS-FUL,polymarket,1x2,A,-1.0,0.37,0.38,0.4146,0.4146
2026-10-01T07:14:11+00:00,20261010-SUN-BHA,kalshi,1x2,H,-1.0,0.22,0.34,0.2956,0.2956
2026-10-01T07:14:11+00:00,20261010-SUN-BHA,polymarket,1x2,H,-1.0,0.32,0.33,0.2956,0.2956
2026-10-01T07:14:11+00:00,20261010-MUN-TOT,kalshi,1x2,D,-1.0,0.21,0.23,0.2267,0.2267
2026-10-01T07:14:11+00:00,20261011-CRY-NFO,kalshi,1x2,H,-1.0,0.3,0.54,0.386,0.386
2026-10-01T07:14:11+00:00,20261011-CRY-NFO,kalshi,1x2,A,-1.0,0.25,0.55,0.336,0.336
2026-10-01T07:14:11+00:00,20261011-CRY-NFO,kalshi,1x2,D,-1.0,0.28,0.55,0.278,0.278
2026-10-01T07:14:11+00:00,20261011-CRY-NFO,polymarket,1x2,A,-1.0,0.35,0.36,0.336,0.336
2026-10-01T07:14:11+00:00,20261011-HUL-EVE,kalshi,1x2,H,-1.0,0.16,0.35,0.3113,0.3113
2026-10-01T07:14:11+00:00,20261011-HUL-EVE,kalshi,1x2,A,-1.0,0.37,0.58,0.3876,0.3876
2026-10-01T07:14:11+00:00,20261011-HUL-EVE,kalshi,1x2,D,-1.0,0.28,0.55,0.3011,0.3011
2026-10-01T07:14:11+00:00,20261012-COV-NEW,kalshi,1x2,H,-1.0,0.17,0.38,0.2687,0.2687
2026-10-01T07:14:11+00:00,20261012-COV-NEW,kalshi,1x2,A,-1.0,0.41,0.58,0.4698,0.4698
2026-10-01T07:14:11+00:00,20261012-COV-NEW,kalshi,1x2,D,-1.0,0.24,0.36,0.2614,0.2614
2026-10-01T14:35:13+00:00,20261010-AVL-BRE,kalshi,1x2,H,-1.0,0.35,0.37,0.3655,0.3655
2026-10-01T14:35:13+00:00,20261010-AVL-BRE,kalshi,1x2,A,-1.0,0.36,0.38,0.3748,0.3748
2026-10-01T14:35:13+00:00,20261010-CHE-BOU,kalshi,1x2,A,-1.0,0.2,0.21,0.3379,0.3379
2026-10-01T14:35:13+00:00,20261010-IPS-FUL,kalshi,1x2,H,-1.0,0.35,0.36,0.3094,0.3094
2026-10-01T14:35:13+00:00,20261010-IPS-FUL,polymarket,1x2,A,-1.0,0.36,0.38,0.4146,0.4146
2026-10-01T14:35:13+00:00,20261010-SUN-BHA,kalshi,1x2,H,-1.0,0.32,0.33,0.2956,0.2956
2026-10-01T14:35:13+00:00,20261010-SUN-BHA,kalshi,1x2,D,-1.0,0.26,0.27,0.2624,0.2624
2026-10-01T14:35:13+00:00,20261010-SUN-BHA,polymarket,1x2,H,-1.0,0.31,0.33,0.2956,0.2956
2026-10-01T14:35:13+00:00,20261010-MUN-TOT,kalshi,1x2,H,-1.0,0.57,0.58,0.5981,0.5981
2026-10-01T14:35:13+00:00,20261010-MUN-TOT,kalshi,1x2,A,-1.0,0.2,0.21,0.1752,0.1752
2026-10-01T14:35:13+00:00,20261010-MUN-TOT,kalshi,1x2,D,-1.0,0.21,0.22,0.2267,0.2267
2026-10-01T14:35:13+00:00,20261010-MUN-TOT,polymarket,1x2,H,-1.0,0.57,0.58,0.5981,0.5981
2026-10-01T14:35:13+00:00,20261010-MUN-TOT,polymarket,total,over,2.5,0.63,0.64,0.6019,0.6019
2026-10-01T14:35:13+00:00,20261010-MUN-TOT,polymarket,total,under,2.5,0.36,0.37,0.3981,0.3981
2026-10-01T14:35:13+00:00,20261011-CRY-NFO,kalshi,1x2,H,-1.0,0.35,0.36,0.386,0.386
2026-10-01T14:35:13+00:00,20261011-CRY-NFO,kalshi,1x2,A,-1.0,0.34,0.36,0.336,0.336
2026-10-01T14:35:13+00:00,20261011-CRY-NFO,kalshi,1x2,D,-1.0,0.28,0.29,0.278,0.278
2026-10-01T14:35:13+00:00,20261011-CRY-NFO,polymarket,1x2,A,-1.0,0.35,0.37,0.336,0.336
2026-10-01T14:35:13+00:00,20261011-HUL-EVE,kalshi,1x2,H,-1.0,0.23,0.26,0.3112,0.3112
2026-10-01T14:35:13+00:00,20261011-HUL-EVE,kalshi,1x2,A,-1.0,0.45,0.47,0.3877,0.3877
2026-10-01T14:35:13+00:00,20261011-HUL-EVE,kalshi,1x2,D,-1.0,0.28,0.29,0.3011,0.3011
2026-10-01T14:35:13+00:00,20261011-LIV-MCI,polymarket,1x2,A,-1.0,0.37,0.38,0.4136,0.4136
2026-10-01T14:35:13+00:00,20261012-COV-NEW,kalshi,1x2,H,-1.0,0.27,0.3,0.2687,0.2687
2026-10-01T14:35:13+00:00,20261012-COV-NEW,kalshi,1x2,A,-1.0,0.42,0.46,0.4698,0.4698
2026-10-01T14:35:13+00:00,20261012-COV-NEW,kalshi,1x2,D,-1.0,0.25,0.27,0.2614,0.2614
2026-10-01T14:35:13+00:00,20261012-COV-NEW,polymarket,total,over,2.5,0.56,0.58,0.5637,0.5637
2026-10-01T14:35:13+00:00,20261012-COV-NEW,polymarket,total,under,2.5,0.42,0.44,0.4363,0.4363
2026-10-01T20:22:52+00:00,20261010-CHE-BOU,kalshi,1x2,H,-1.0,0.56,0.57,0.4149,0.4149
2026-10-01T20:22:52+00:00,20261010-CHE-BOU,kalshi,1x2,A,-1.0,0.2,0.22,0.338,0.338
2026-10-01T20:22:52+00:00,20261010-IPS-FUL,polymarket,total,over,2.5,0.54,0.55,0.5264,0.5264
2026-10-01T20:22:52+00:00,20261010-IPS-FUL,polymarket,total,under,2.5,0.45,0.46,0.4736,0.4736
2026-10-01T20:22:52+00:00,20261010-SUN-BHA,polymarket,1x2,H,-1.0,0.32,0.33,0.2957,0.2957
2026-10-01T20:22:52+00:00,20261010-MUN-TOT,kalshi,1x2,A,-1.0,0.2,0.22,0.1752,0.1752
2026-10-01T20:22:52+00:00,20261011-CRY-NFO,polymarket,total,over,2.5,0.47,0.48,0.5248,0.5248
2026-10-01T20:22:52+00:00,20261011-CRY-NFO,polymarket,total,under,2.5,0.52,0.53,0.4752,0.4752
2026-10-01T20:22:52+00:00,20261011-HUL-EVE,kalshi,1x2,H,-1.0,0.24,0.26,0.3112,0.3112
2026-10-01T20:22:52+00:00,20261011-LIV-MCI,polymarket,1x2,A,-1.0,0.38,0.39,0.4136,0.4136
2026-10-01T20:22:52+00:00,20261012-COV-NEW,kalshi,1x2,A,-1.0,0.43,0.45,0.4698,0.4698
2026-10-02T00:52:47+00:00,20261010-CHE-BOU,kalshi,1x2,H,-1.0,0.57,0.58,0.4149,0.4149
2026-10-02T00:52:47+00:00,20261010-IPS-FUL,kalshi,1x2,H,-1.0,0.34,0.37,0.3094,0.3094
2026-10-02T00:52:47+00:00,20261010-SUN-BHA,kalshi,1x2,H,-1.0,0.32,0.34,0.2957,0.2957
2026-10-02T00:52:47+00:00,20261010-MUN-TOT,kalshi,1x2,A,-1.0,0.2,0.21,0.1752,0.1752
2026-10-02T00:52:47+00:00,20261010-MUN-TOT,polymarket,total,over,2.5,0.63,0.65,0.6019,0.6019
2026-10-02T00:52:47+00:00,20261010-MUN-TOT,polymarket,total,under,2.5,0.35,0.37,0.3981,0.3981
2026-10-02T00:52:47+00:00,20261011-CRY-NFO,polymarket,total,over,2.5,0.46,0.48,0.5248,0.5248
2026-10-02T00:52:47+00:00,20261011-CRY-NFO,polymarket,total,under,2.5,0.52,0.54,0.4752,0.4752
2026-10-02T00:52:47+00:00,20261011-LIV-MCI,kalshi,1x2,A,-1.0,0.37,0.39,0.4136,0.4136
2026-10-02T07:04:22+00:00,20261010-CHE-BOU,kalshi,1x2,A,-1.0,0.2,0.21,0.338,0.338
2026-10-02T07:04:22+00:00,20261010-IPS-FUL,kalshi,1x2,H,-1.0,0.35,0.37,0.3094,0.3094
2026-10-02T07:04:22+00:00,20261010-MUN-TOT,kalshi,1x2,A,-1.0,0.2,0.22,0.1753,0.1753
2026-10-02T07:04:22+00:00,20261011-CRY-NFO,kalshi,1x2,H,-1.0,0.35,0.37,0.386,0.386
2026-10-02T07:04:22+00:00,20261011-CRY-NFO,kalshi,1x2,A,-1.0,0.35,0.36,0.336,0.336
2026-10-02T07:04:22+00:00,20261011-CRY-NFO,polymarket,1x2,A,-1.0,0.35,0.36,0.336,0.336
2026-10-02T07:04:22+00:00,20261011-HUL-EVE,kalshi,1x2,A,-1.0,0.46,0.47,0.3877,0.3877
2026-10-02T07:04:22+00:00,20261011-LIV-MCI,kalshi,1x2,A,-1.0,0.37,0.38,0.4136,0.4136
2026-10-02T07:04:22+00:00,20261012-COV-NEW,kalshi,1x2,H,-1.0,0.27,0.29,0.2688,0.2688
2026-10-02T07:04:22+00:00,20261012-COV-NEW,kalshi,1x2,A,-1.0,0.43,0.46,0.4698,0.4698
2026-10-02T07:04:22+00:00,20261012-COV-NEW,polymarket,1x2,A,-1.0,0.44,0.46,0.4698,0.4698
2026-10-02T13:56:31+00:00,20261010-CHE-BOU,kalshi,1x2,A,-1.0,0.2,0.22,0.338,0.338
2026-10-02T13:56:31+00:00,20261010-CHE-BOU,polymarket,1x2,H,-1.0,0.55,0.57,0.4149,0.4149
2026-10-02T13:56:31+00:00,20261010-CHE-BOU,polymarket,total,over,2.5,0.64,0.66,0.6511,0.6511
2026-10-02T13:56:31+00:00,20261010-CHE-BOU,polymarket,total,under,2.5,0.34,0.36,0.3489,0.3489
2026-10-02T13:56:31+00:00,20261010-SUN-BHA,polymarket,total,over,2.5,0.52,0.54,0.5745,0.5745
2026-10-02T13:56:31+00:00,20261010-SUN-BHA,polymarket,total,under,2.5,0.46,0.48,0.4255,0.4255
2026-10-02T13:56:31+00:00,20261010-MUN-TOT,polymarket,1x2,H,-1.0,0.56,0.58,0.5981,0.5981
2026-10-02T13:56:31+00:00,20261010-MUN-TOT,polymarket,total,over,2.5,0.63,0.64,0.6019,0.6019
2026-10-02T13:56:31+00:00,20261010-MUN-TOT,polymarket,total,under,2.5,0.36,0.37,0.3981,0.3981
2026-10-02T13:56:31+00:00,20261011-CRY-NFO,kalshi,1x2,A,-1.0,0.34,0.36,0.336,0.336
2026-10-02T13:56:31+00:00,20261011-CRY-NFO,polymarket,total,over,2.5,0.47,0.48,0.5248,0.5248
2026-10-02T13:56:31+00:00,20261011-CRY-NFO,polymarket,total,under,2.5,0.52,0.53,0.4752,0.4752
2026-10-02T13:56:31+00:00,20261011-HUL-EVE,kalshi,1x2,H,-1.0,0.25,0.26,0.3112,0.3112
2026-10-02T13:56:31+00:00,20261011-HUL-EVE,kalshi,1x2,A,-1.0,0.45,0.48,0.3878,0.3878
2026-10-02T13:56:31+00:00,20261011-LIV-MCI,kalshi,1x2,A,-1.0,0.38,0.39,0.4136,0.4136
2026-10-02T13:56:31+00:00,20261011-LIV-MCI,polymarket,total,over,2.5,0.61,0.62,0.6187,0.6187
2026-10-02T13:56:31+00:00,20261011-LIV-MCI,polymarket,total,under,2.5,0.38,0.39,0.3813,0.3813
2026-10-02T13:56:31+00:00,20261012-COV-NEW,kalshi,1x2,A,-1.0,0.44,0.46,0.4698,0.4698
2026-10-02T13:56:31+00:00,20261012-COV-NEW,polymarket,total,over,2.5,0.57,0.58,0.5638,0.5638
2026-10-02T13:56:31+00:00,20261012-COV-NEW,polymarket,total,under,2.5,0.42,0.43,0.4362,0.4362
2026-10-02T19:23:39+00:00,20261010-ARS-LEE,kalshi,1x2,H,-1.0,0.71,0.72,0.5961,0.5961
2026-10-02T19:23:39+00:00,20261010-ARS-LEE,polymarket,1x2,H,-1.0,0.71,0.72,0.5961,0.5961
2026-10-02T19:23:39+00:00,20261010-CHE-BOU,polymarket,1x2,H,-1.0,0.56,0.57,0.4149,0.4149
2026-10-02T19:23:39+00:00,20261010-SUN-BHA,kalshi,1x2,H,-1.0,0.31,0.33,0.2957,0.2957
2026-10-02T19:23:39+00:00,20261010-MUN-TOT,kalshi,1x2,A,-1.0,0.21,0.22,0.1753,0.1753
2026-10-02T19:23:39+00:00,20261010-MUN-TOT,polymarket,1x2,H,-1.0,0.57,0.58,0.5981,0.5981
2026-10-02T19:23:39+00:00,20261010-MUN-TOT,polymarket,1x2,A,-1.0,0.2,0.21,0.1753,0.1753
2026-10-02T19:23:39+00:00,20261011-CRY-NFO,kalshi,1x2,A,-1.0,0.35,0.36,0.336,0.336
2026-10-02T19:23:39+00:00,20261011-CRY-NFO,polymarket,total,over,2.5,0.47,0.49,0.5248,0.5248
2026-10-02T19:23:39+00:00,20261011-CRY-NFO,polymarket,total,under,2.5,0.51,0.53,0.4752,0.4752
2026-10-02T19:23:39+00:00,20261011-HUL-EVE,kalshi,1x2,H,-1.0,0.24,0.26,0.3112,0.3112
2026-10-02T19:23:39+00:00,20261011-LIV-MCI,kalshi,1x2,H,-1.0,0.36,0.37,0.3318,0.3318
2026-10-02T19:23:39+00:00,20261011-LIV-MCI,polymarket,total,over,2.5,0.6,0.62,0.6187,0.6187
2026-10-02T19:23:39+00:00,20261011-LIV-MCI,polymarket,total,under,2.5,0.38,0.4,0.3813,0.3813
2026-10-02T19:23:39+00:00,20261012-COV-NEW,polymarket,total,over,2.5,0.56,0.58,0.5638,0.5638
2026-10-02T19:23:39+00:00,20261012-COV-NEW,polymarket,total,under,2.5,0.42,0.44,0.4362,0.4362
2026-10-02T23:51:02+00:00,20261010-IPS-FUL,polymarket,total,over,2.5,0.53,0.55,0.5263,0.5263
2026-10-02T23:51:02+00:00,20261010-IPS-FUL,polymarket,total,under,2.5,0.45,0.47,0.4737,0.4737
2026-10-02T23:51:02+00:00,20261010-SUN-BHA,kalshi,1x2,H,-1.0,0.32,0.33,0.2957,0.2957
2026-10-02T23:51:02+00:00,20261010-MUN-TOT,kalshi,1x2,H,-1.0,0.56,0.57,0.5981,0.5981
2026-10-02T23:51:02+00:00,20261011-LIV-MCI,kalshi,1x2,H,-1.0,0.37,0.38,0.3318,0.3318
2026-10-02T23:51:02+00:00,20261011-LIV-MCI,polymarket,1x2,H,-1.0,0.36,0.37,0.3318,0.3318
2026-10-03T05:26:40+00:00,20261010-AVL-BRE,kalshi,1x2,A,-1.0,0.35,0.38,0.3748,0.3748
2026-10-03T05:26:40+00:00,20261010-CHE-BOU,kalshi,1x2,H,-1.0,0.56,0.57,0.4149,0.4149
2026-10-03T05:26:40+00:00,20261010-CHE-BOU,kalshi,1x2,A,-1.0,0.2,0.21,0.338,0.338
2026-10-03T05:26:40+00:00,20261010-CHE-BOU,polymarket,1x2,H,-1.0,0.55,0.56,0.4149,0.4149
2026-10-03T05:26:40+00:00,20261010-CHE-BOU,polymarket,1x2,A,-1.0,0.21,0.22,0.338,0.338
2026-10-03T05:26:40+00:00,20261011-CRY-NFO,kalshi,1x2,A,-1.0,0.34,0.36,0.336,0.336
2026-10-03T05:26:40+00:00,20261012-COV-NEW,kalshi,1x2,H,-1.0,0.28,0.29,0.2688,0.2688
2026-10-03T05:26:40+00:00,20261012-COV-NEW,kalshi,1x2,A,-1.0,0.44,0.45,0.4698,0.4698
2026-10-03T05:26:40+00:00,20261017-EVE-CHE,kalshi,1x2,H,-1.0,0.32,0.35,0.3827,0.3827
2026-10-03T05:26:40+00:00,20261017-EVE-CHE,kalshi,1x2,A,-1.0,0.39,0.42,0.3496,0.3496
2026-10-03T05:26:40+00:00,20261017-EVE-CHE,kalshi,1x2,D,-1.0,0.24,0.26,0.2677,0.2677
2026-10-03T05:26:40+00:00,20261017-BRE-LIV,kalshi,1x2,H,-1.0,0.33,0.36,0.3957,0.3957
2026-10-03T05:26:40+00:00,20261017-BRE-LIV,kalshi,1x2,A,-1.0,0.39,0.41,0.3487,0.3487
2026-10-03T05:26:40+00:00,20261017-BRE-LIV,kalshi,1x2,D,-1.0,0.25,0.27,0.2556,0.2556
2026-10-03T05:26:40+00:00,20261017-FUL-HUL,kalshi,1x2,H,-1.0,0.56,0.6,0.4795,0.4795
2026-10-03T05:26:40+00:00,20261017-FUL-HUL,kalshi,1x2,A,-1.0,0.18,0.2,0.2415,0.2415
2026-10-03T05:26:40+00:00,20261017-FUL-HUL,kalshi,1x2,D,-1.0,0.21,0.25,0.2789,0.2789
2026-10-03T05:26:40+00:00,20261017-MCI-IPS,kalshi,1x2,H,-1.0,0.78,0.79,0.787,0.787
2026-10-03T05:26:40+00:00,20261017-MCI-IPS,kalshi,1x2,A,-1.0,0.06,0.08,0.0725,0.0725
2026-10-03T05:26:40+00:00,20261017-MCI-IPS,kalshi,1x2,D,-1.0,0.1,0.13,0.1404,0.1404
2026-10-03T05:26:40+00:00,20261017-NEW-AVL,kalshi,1x2,H,-1.0,0.44,0.47,0.4468,0.4468
2026-10-03T05:26:40+00:00,20261017-NEW-AVL,kalshi,1x2,A,-1.0,0.28,0.31,0.3014,0.3014
2026-10-03T05:26:40+00:00,20261017-NEW-AVL,kalshi,1x2,D,-1.0,0.24,0.25,0.2519,0.2519
2026-10-03T11:48:28+00:00,20261010-AVL-BRE,kalshi,1x2,H,-1.0,0.35,0.36,0.3655,0.3655
2026-10-03T11:48:28+00:00,20261010-AVL-BRE,kalshi,1x2,A,-1.0,0.36,0.38,0.3748,0.3748
2026-10-03T11:48:28+00:00,20261010-AVL-BRE,polymarket,1x2,H,-1.0,0.35,0.37,0.3655,0.3655
2026-10-03T11:48:28+00:00,20261010-IPS-FUL,polymarket,total,over,2.5,0.54,0.55,0.5263,0.5263
2026-10-03T11:48:28+00:00,20261010-IPS-FUL,polymarket,total,under,2.5,0.45,0.46,0.4737,0.4737
2026-10-03T11:48:28+00:00,20261010-SUN-BHA,kalshi,1x2,H,-1.0,0.31,0.33,0.2957,0.2957
2026-10-03T11:48:28+00:00,20261010-MUN-TOT,kalshi,1x2,A,-1.0,0.2,0.22,0.1753,0.1753
2026-10-03T11:48:28+00:00,20261012-COV-NEW,kalshi,1x2,A,-1.0,0.44,0.46,0.4698,0.4698
2026-10-03T11:48:28+00:00,20261012-COV-NEW,polymarket,total,over,2.5,0.57,0.58,0.5639,0.5639
2026-10-03T11:48:28+00:00,20261012-COV-NEW,polymarket,total,under,2.5,0.42,0.43,0.4361,0.4361
2026-10-03T11:48:28+00:00,20261017-EVE-CHE,kalshi,1x2,D,-1.0,0.23,0.26,0.2677,0.2677
2026-10-03T11:48:28+00:00,20261017-BRE-LIV,kalshi,1x2,A,-1.0,0.38,0.41,0.3487,0.3487
2026-10-03T11:48:28+00:00,20261017-BRE-LIV,kalshi,1x2,D,-1.0,0.25,0.26,0.2556,0.2556
2026-10-03T11:48:28+00:00,20261017-FUL-HUL,kalshi,1x2,H,-1.0,0.57,0.6,0.4796,0.4796
2026-10-03T11:48:28+00:00,20261017-FUL-HUL,kalshi,1x2,A,-1.0,0.17,0.2,0.2415,0.2415
2026-10-03T11:48:28+00:00,20261017-FUL-HUL,kalshi,1x2,D,-1.0,0.22,0.23,0.2789,0.2789
2026-10-03T11:48:28+00:00,20261017-MCI-IPS,kalshi,1x2,A,-1.0,0.04,0.08,0.0725,0.0725
2026-10-03T16:29:23+00:00,20261010-ARS-LEE,kalshi,1x2,H,-1.0,0.7,0.71,0.5961,0.5961
2026-10-03T16:29:23+00:00,20261010-ARS-LEE,kalshi,total,over,2.5,0.53,0.56,0.476,0.476
2026-10-03T16:29:23+00:00,20261010-ARS-LEE,kalshi,total,under,2.5,0.44,0.47,0.524,0.524
2026-10-03T16:29:23+00:00,20261010-ARS-LEE,polymarket,1x2,H,-1.0,0.7,0.71,0.5961,0.5961
2026-10-03T16:29:23+00:00,20261010-ARS-LEE,polymarket,total,over,2.5,0.55,0.56,0.476,0.476
2026-10-03T16:29:23+00:00,20261010-ARS-LEE,polymarket,total,under,2.5,0.44,0.45,0.524,0.524
2026-10-03T16:29:23+00:00,20261010-AVL-BRE,kalshi,1x2,A,-1.0,0.37,0.38,0.3748,0.3748
2026-10-03T16:29:23+00:00,20261010-AVL-BRE,kalshi,total,over,2.5,0.56,0.58,0.6021,0.6021
2026-10-03T16:29:23+00:00,20261010-AVL-BRE,kalshi,total,under,2.5,0.42,0.44,0.3979,0.3979
2026-10-03T16:29:23+00:00,20261010-AVL-BRE,polymarket,1x2,H,-1.0,0.35,0.36,0.3655,0.3655
2026-10-03T16:29:23+00:00,20261010-AVL-BRE,polymarket,1x2,A,-1.0,0.37,0.38,0.3748,0.3748
2026-10-03T16:29:23+00:00,20261010-AVL-BRE,polymarket,total,over,2.5,0.56,0.58,0.6021,0.6021
2026-10-03T16:29:23+00:00,20261010-AVL-BRE,polymarket,total,under,2.5,0.42,0.44,0.3979,0.3979
2026-10-03T16:29:23+00:00,20261010-CHE-BOU,kalshi,total,over,2.5,0.64,0.67,0.6511,0.6511
2026-10-03T16:29:23+00:00,20261010-CHE-BOU,kalshi,total,under,2.5,0.33,0.36,0.3489,0.3489
2026-10-03T16:29:23+00:00,20261010-CHE-BOU,polymarket,total,over,2.5,0.65,0.66,0.6511,0.6511
2026-10-03T16:29:23+00:00,20261010-CHE-BOU,polymarket,total,under,2.5,0.34,0.35,0.3489,0.3489
2026-10-03T16:29:23+00:00,20261010-IPS-FUL,kalshi,1x2,A,-1.0,0.37,0.38,0.4146,0.4146
2026-10-03T16:29:23+00:00,20261010-IPS-FUL,kalshi,total,over,2.5,0.52,0.55,0.5263,0.5263
2026-10-03T16:29:23+00:00,20261010-IPS-FUL,kalshi,total,under,2.5,0.45,0.48,0.4737,0.4737
2026-10-03T16:29:23+00:00,20261010-SUN-BHA,kalshi,total,over,2.5,0.52,0.54,0.5745,0.5745
2026-10-03T16:29:23+00:00,20261010-SUN-BHA,kalshi,total,under,2.5,0.46,0.48,0.4255,0.4255
2026-10-03T16:29:23+00:00,20261010-SUN-BHA,polymarket,total,over,2.5,0.52,0.53,0.5745,0.5745
2026-10-03T16:29:23+00:00,20261010-SUN-BHA,polymarket,total,under,2.5,0.47,0.48,0.4255,0.4255
2026-10-03T16:29:23+00:00,20261011-CRY-NFO,polymarket,1x2,D,-1.0,0.28,0.29,0.278,0.278
2026-10-03T16:29:23+00:00,20261011-CRY-NFO,polymarket,total,over,2.5,0.48,0.49,0.5248,0.5248
2026-10-03T16:29:23+00:00,20261011-CRY-NFO,polymarket,total,under,2.5,0.51,0.52,0.4752,0.4752
2026-10-03T16:29:23+00:00,20261011-LIV-MCI,kalshi,1x2,D,-1.0,0.24,0.26,0.2546,0.2546
2026-10-03T16:29:23+00:00,20261011-LIV-MCI,polymarket,1x2,H,-1.0,0.36,0.38,0.3318,0.3318
2026-10-03T16:29:23+00:00,20261011-LIV-MCI,polymarket,total,over,2.5,0.61,0.62,0.6187,0.6187
2026-10-03T16:29:23+00:00,20261011-LIV-MCI,polymarket,total,under,2.5,0.38,0.39,0.3813,0.3813
2026-10-03T16:29:23+00:00,20261012-COV-NEW,polymarket,1x2,H,-1.0,0.28,0.3,0.2688,0.2688
2026-10-03T16:29:23+00:00,20261017-EVE-CHE,kalshi,1x2,D,-1.0,0.24,0.26,0.2677,0.2677
2026-10-03T16:29:23+00:00,20261017-MCI-IPS,kalshi,1x2,A,-1.0,0.06,0.08,0.0725,0.0725
2026-10-03T16:29:23+00:00,20261017-BRE-LIV,kalshi,1x2,H,-1.0,0.32,0.36,0.3957,0.3957
2026-10-03T16:29:23+00:00,20261017-BRE-LIV,kalshi,1x2,A,-1.0,0.39,0.41,0.3487,0.3487
2026-10-03T16:29:23+00:00,20261017-BRE-LIV,kalshi,1x2,D,-1.0,0.23,0.26,0.2556,0.2556
2026-10-03T16:29:23+00:00,20261017-FUL-HUL,kalshi,1x2,H,-1.0,0.57,0.59,0.4796,0.4796
2026-10-03T16:29:23+00:00,20261017-FUL-HUL,kalshi,1x2,A,-1.0,0.18,0.2,0.2415,0.2415
2026-10-03T16:29:23+00:00,20261017-FUL-HUL,kalshi,1x2,D,-1.0,0.19,0.23,0.2789,0.2789
2026-10-03T19:59:52+00:00,20261010-ARS-LEE,kalshi,1x2,H,-1.0,0.71,0.72,0.5961,0.5961
2026-10-03T19:59:52+00:00,20261010-ARS-LEE,kalshi,1x2,A,-1.0,0.1,0.11,0.1532,0.1532
2026-10-03T19:59:52+00:00,20261010-ARS-LEE,kalshi,total,over,2.5,0.52,0.55,0.476,0.476
2026-10-03T19:59:52+00:00,20261010-ARS-LEE,kalshi,total,under,2.5,0.45,0.48,0.524,0.524
2026-10-03T19:59:52+00:00,20261010-AVL-BRE,kalshi,1x2,H,-1.0,0.34,0.36,0.3655,0.3655
2026-10-03T19:59:52+00:00,20261010-CHE-BOU,kalshi,total,over,2.5,0.64,0.66,0.6511,0.6511
2026-10-03T19:59:52+00:00,20261010-CHE-BOU,kalshi,total,under,2.5,0.34,0.36,0.3489,0.3489
2026-10-03T19:59:52+00:00,20261010-IPS-FUL,kalshi,1x2,H,-1.0,0.35,0.36,0.3095,0.3095
2026-10-03T19:59:52+00:00,20261010-IPS-FUL,kalshi,1x2,A,-1.0,0.37,0.39,0.4146,0.4146
2026-10-03T19:59:52+00:00,20261010-IPS-FUL,kalshi,total,over,2.5,0.52,0.56,0.5263,0.5263
2026-10-03T19:59:52+00:00,20261010-IPS-FUL,kalshi,total,under,2.5,0.44,0.48,0.4737,0.4737
2026-10-03T19:59:52+00:00,20261010-SUN-BHA,polymarket,total,over,2.5,0.53,0.54,0.5745,0.5745
2026-10-03T19:59:52+00:00,20261010-SUN-BHA,polymarket,total,under,2.5,0.46,0.47,0.4255,0.4255
2026-10-03T19:59:52+00:00,20261010-MUN-TOT,kalshi,1x2,H,-1.0,0.57,0.58,0.598,0.598
2026-10-03T19:59:52+00:00,20261010-MUN-TOT,kalshi,1x2,A,-1.0,0.2,0.21,0.1753,0.1753
2026-10-03T19:59:52+00:00,20261010-MUN-TOT,kalshi,1x2,D,-1.0,0.21,0.23,0.2267,0.2267
2026-10-03T19:59:52+00:00,20261010-MUN-TOT,kalshi,total,over,2.5,0.63,0.66,0.6019,0.6019
2026-10-03T19:59:52+00:00,20261010-MUN-TOT,kalshi,total,under,2.5,0.34,0.37,0.3981,0.3981
2026-10-03T19:59:52+00:00,20261010-MUN-TOT,polymarket,1x2,A,-1.0,0.2,0.22,0.1753,0.1753
2026-10-03T19:59:52+00:00,20261011-HUL-EVE,kalshi,1x2,A,-1.0,0.46,0.48,0.3879,0.3879
2026-10-03T19:59:52+00:00,20261017-EVE-CHE,kalshi,1x2,H,-1.0,0.33,0.35,0.3827,0.3827
2026-10-03T19:59:52+00:00,20261017-EVE-CHE,kalshi,1x2,A,-1.0,0.39,0.41,0.3496,0.3496
2026-10-03T19:59:52+00:00,20261017-MCI-IPS,kalshi,1x2,A,-1.0,0.06,0.09,0.0725,0.0725
2026-10-03T19:59:52+00:00,20261017-FUL-HUL,kalshi,1x2,H,-1.0,0.56,0.58,0.4796,0.4796
2026-10-03T19:59:52+00:00,20261017-FUL-HUL,kalshi,1x2,D,-1.0,0.21,0.24,0.2789,0.2789
2026-10-03T19:59:52+00:00,20261017-BRE-LIV,kalshi,1x2,H,-1.0,0.31,0.35,0.3957,0.3957
2026-10-03T19:59:52+00:00,20261017-BRE-LIV,kalshi,1x2,A,-1.0,0.37,0.41,0.3487,0.3487
2026-10-03T19:59:52+00:00,20261017-BRE-LIV,kalshi,1x2,D,-1.0,0.23,0.27,0.2556,0.2556
2026-10-03T19:59:52+00:00,20261017-NEW-AVL,kalshi,1x2,A,-1.0,0.28,0.3,0.3014,0.3014
2026-10-03T19:59:52+00:00,20261017-NEW-AVL,kalshi,1x2,D,-1.0,0.24,0.26,0.2519,0.2519
2026-10-03T23:08:53+00:00,20261010-ARS-LEE,kalshi,total,over,2.5,0.53,0.54,0.476,0.476
2026-10-03T23:08:53+00:00,20261010-ARS-LEE,kalshi,total,under,2.5,0.46,0.47,0.524,0.524
2026-10-03T23:08:53+00:00,20261010-IPS-FUL,kalshi,1x2,H,-1.0,0.34,0.36,0.3095,0.3095
2026-10-03T23:08:53+00:00,20261010-SUN-BHA,kalshi,total,over,2.5,0.53,0.54,0.5745,0.5745
2026-10-03T23:08:53+00:00,20261010-SUN-BHA,kalshi,total,under,2.5,0.46,0.47,0.4255,0.4255
2026-10-03T23:08:53+00:00,20261010-SUN-BHA,polymarket,total,over,2.5,0.52,0.53,0.5745,0.5745
2026-10-03T23:08:53+00:00,20261010-SUN-BHA,polymarket,total,under,2.5,0.47,0.48,0.4255,0.4255
2026-10-03T23:08:53+00:00,20261010-MUN-TOT,kalshi,1x2,A,-1.0,0.21,0.22,0.1753,0.1753
2026-10-03T23:08:53+00:00,20261010-MUN-TOT,kalshi,total,over,2.5,0.63,0.64,0.6019,0.6019
2026-10-03T23:08:53+00:00,20261010-MUN-TOT,kalshi,total,under,2.5,0.36,0.37,0.3981,0.3981
2026-10-03T23:08:53+00:00,20261011-HUL-EVE,kalshi,1x2,A,-1.0,0.45,0.48,0.3879,0.3879
2026-10-03T23:08:53+00:00,20261011-LIV-MCI,kalshi,1x2,A,-1.0,0.37,0.38,0.4136,0.4136
2026-10-03T23:08:53+00:00,20261012-COV-NEW,kalshi,1x2,A,-1.0,0.44,0.45,0.4698,0.4698
2026-10-03T23:08:53+00:00,20261017-FUL-HUL,kalshi,1x2,H,-1.0,0.55,0.59,0.4796,0.4796
2026-10-03T23:08:53+00:00,20261017-BRE-LIV,kalshi,1x2,A,-1.0,0.39,0.41,0.3487,0.3487
2026-10-03T23:08:53+00:00,20261017-BRE-LIV,kalshi,1x2,D,-1.0,0.25,0.27,0.2556,0.2556
2026-10-04T02:43:46+00:00,20261010-ARS-LEE,kalshi,total,over,2.5,0.53,0.55,0.476,0.476
2026-10-04T02:43:46+00:00,20261010-ARS-LEE,kalshi,total,under,2.5,0.45,0.47,0.524,0.524
2026-10-04T02:43:46+00:00,20261010-AVL-BRE,kalshi,1x2,H,-1.0,0.35,0.37,0.3655,0.3655
2026-10-04T02:43:46+00:00,20261010-AVL-BRE,kalshi,total,over,2.5,0.57,0.58,0.6021,0.6021
2026-10-04T02:43:46+00:00,20261010-AVL-BRE,kalshi,total,under,2.5,0.42,0.43,0.3979,0.3979
2026-10-04T02:43:46+00:00,20261010-IPS-FUL,kalshi,total,over,2.5,0.55,0.56,0.5263,0.5263
2026-10-04T02:43:46+00:00,20261010-IPS-FUL,kalshi,total,under,2.5,0.44,0.45,0.4737,0.4737
2026-10-04T02:43:46+00:00,20261010-IPS-FUL,polymarket,1x2,A,-1.0,0.37,0.38,0.4146,0.4146
2026-10-04T02:43:46+00:00,20261010-MUN-TOT,kalshi,1x2,A,-1.0,0.2,0.22,0.1753,0.1753
2026-10-04T02:43:46+00:00,20261010-MUN-TOT,kalshi,total,over,2.5,0.63,0.65,0.6019,0.6019
2026-10-04T02:43:46+00:00,20261010-MUN-TOT,kalshi,total,under,2.5,0.35,0.37,0.3981,0.3981
2026-10-04T02:43:46+00:00,20261011-LIV-MCI,kalshi,1x2,A,-1.0,0.38,0.39,0.4136,0.4136
2026-10-04T02:43:46+00:00,20261017-FUL-HUL,kalshi,1x2,H,-1.0,0.56,0.58,0.4796,0.4796
2026-10-04T02:43:46+00:00,20261017-FUL-HUL,kalshi,1x2,D,-1.0,0.22,0.24,0.2789,0.2789
2026-10-04T02:43:46+00:00,20261017-BRE-LIV,kalshi,1x2,H,-1.0,0.33,0.35,0.3957,0.3957
2026-10-04T02:43:46+00:00,20261018-BOU-SUN,kalshi,1x2,H,-1.0,0.46,0.49,0.5196,0.5196
2026-10-04T02:43:46+00:00,20261018-BOU-SUN,kalshi,1x2,A,-1.0,0.25,0.27,0.2268,0.2268
2026-10-04T02:43:46+00:00,20261018-BOU-SUN,kalshi,1x2,D,-1.0,0.25,0.27,0.2537,0.2537
2026-10-04T02:43:46+00:00,20261018-BHA-CRY,kalshi,1x2,H,-1.0,0.59,0.62,0.58,0.58
2026-10-04T02:43:46+00:00,20261018-BHA-CRY,kalshi,1x2,A,-1.0,0.16,0.19,0.1959,0.1959
2026-10-04T02:43:46+00:00,20261018-BHA-CRY,kalshi,1x2,D,-1.0,0.21,0.22,0.2241,0.2241
2026-10-04T02:43:46+00:00,20261018-LEE-MUN,kalshi,1x2,H,-1.0,0.32,0.35,0.3766,0.3766
2026-10-04T02:43:46+00:00,20261018-LEE-MUN,kalshi,1x2,A,-1.0,0.39,0.42,0.3523,0.3523
2026-10-04T02:43:46+00:00,20261018-LEE-MUN,kalshi,1x2,D,-1.0,0.25,0.27,0.2711,0.2711
2026-10-04T02:43:46+00:00,20261018-NFO-ARS,kalshi,1x2,H,-1.0,0.12,0.16,0.2006,0.2006
2026-10-04T02:43:46+00:00,20261018-NFO-ARS,kalshi,1x2,A,-1.0,0.44,0.61,0.522,0.522
2026-10-04T02:43:46+00:00,20261018-NFO-ARS,kalshi,1x2,D,-1.0,0.16,0.26,0.2774,0.2774
2026-10-04T09:55:48+00:00,20261010-ARS-LEE,kalshi,1x2,A,-1.0,0.11,0.12,0.1532,0.1532
2026-10-04T09:55:48+00:00,20261010-IPS-FUL,kalshi,1x2,H,-1.0,0.35,0.36,0.3095,0.3095
2026-10-04T09:55:48+00:00,20261010-SUN-BHA,kalshi,1x2,A,-1.0,0.4,0.42,0.4419,0.4419
2026-10-04T09:55:48+00:00,20261010-SUN-BHA,polymarket,total,over,2.5,0.53,0.54,0.5745,0.5745
2026-10-04T09:55:48+00:00,20261010-SUN-BHA,polymarket,total,under,2.5,0.46,0.47,0.4255,0.4255
2026-10-04T09:55:48+00:00,20261010-MUN-TOT,polymarket,1x2,A,-1.0,0.2,0.21,0.1753,0.1753
2026-10-04T09:55:48+00:00,20261017-EVE-CHE,kalshi,1x2,H,-1.0,0.32,0.35,0.3827,0.3827
2026-10-04T09:55:48+00:00,20261017-EVE-CHE,polymarket,1x2,H,-1.0,0.33,0.35,0.3827,0.3827
2026-10-04T09:55:48+00:00,20261017-EVE-CHE,polymarket,1x2,D,-1.0,0.25,0.27,0.2677,0.2677
2026-10-04T09:55:48+00:00,20261017-EVE-CHE,polymarket,1x2,A,-1.0,0.4,0.42,0.3495,0.3495
2026-10-04T09:55:48+00:00,20261017-EVE-CHE,polymarket,total,over,2.5,0.56,0.59,0.5679,0.5679
2026-10-04T09:55:48+00:00,20261017-EVE-CHE,polymarket,total,under,2.5,0.41,0.44,0.4321,0.4321
2026-10-04T09:55:48+00:00,20261017-MCI-IPS,polymarket,1x2,H,-1.0,0.78,0.8,0.787,0.787
2026-10-04T09:55:48+00:00,20261017-MCI-IPS,polymarket,1x2,D,-1.0,0.13,0.14,0.1405,0.1405
2026-10-04T09:55:48+00:00,20261017-MCI-IPS,polymarket,1x2,A,-1.0,0.06,0.08,0.0726,0.0726
2026-10-04T09:55:48+00:00,20261017-MCI-IPS,polymarket,total,over,2.5,0.7,0.72,0.7153,0.7153
2026-10-04T09:55:48+00:00,20261017-MCI-IPS,polymarket,total,under,2.5,0.28,0.3,0.2847,0.2847
2026-10-04T09:55:48+00:00,20261017-FUL-HUL,kalshi,1x2,H,-1.0,0.55,0.58,0.4797,0.4797
2026-10-04T09:55:48+00:00,20261017-FUL-HUL,kalshi,1x2,A,-1.0,0.16,0.2,0.2414,0.2414
2026-10-04T09:55:48+00:00,20261017-FUL-HUL,kalshi,1x2,D,-1.0,0.21,0.24,0.2789,0.2789
2026-10-04T09:55:48+00:00,20261017-FUL-HUL,polymarket,1x2,H,-1.0,0.56,0.58,0.4797,0.4797
2026-10-04T09:55:48+00:00,20261017-FUL-HUL,polymarket,1x2,D,-1.0,0.23,0.25,0.2789,0.2789
2026-10-04T09:55:48+00:00,20261017-FUL-HUL,polymarket,1x2,A,-1.0,0.19,0.2,0.2414,0.2414
2026-10-04T09:55:48+00:00,20261017-FUL-HUL,polymarket,total,over,2.5,0.53,0.56,0.4787,0.4787
2026-10-04T09:55:48+00:00,20261017-FUL-HUL,polymarket,total,under,2.5,0.44,0.47,0.5213,0.5213
2026-10-04T09:55:48+00:00,20261017-BRE-LIV,kalshi,1x2,H,-1.0,0.32,0.35,0.3957,0.3957
2026-10-04T09:55:48+00:00,20261017-BRE-LIV,kalshi,1x2,A,-1.0,0.37,0.41,0.3487,0.3487
2026-10-04T09:55:48+00:00,20261017-BRE-LIV,kalshi,1x2,D,-1.0,0.24,0.27,0.2556,0.2556
2026-10-04T09:55:48+00:00,20261017-BRE-LIV,polymarket,1x2,H,-1.0,0.33,0.35,0.3957,0.3957
2026-10-04T09:55:48+00:00,20261017-BRE-LIV,polymarket,1x2,D,-1.0,0.24,0.26,0.2556,0.2556
2026-10-04T09:55:48+00:00,20261017-BRE-LIV,polymarket,1x2,A,-1.0,0.39,0.41,0.3487,0.3487
2026-10-04T09:55:48+00:00,20261017-BRE-LIV,polymarket,total,over,2.5,0.62,0.63,0.6178,0.6178
2026-10-04T09:55:48+00:00,20261017-BRE-LIV,polymarket,total,under,2.5,0.37,0.38,0.3822,0.3822
2026-10-04T09:55:48+00:00,20261017-NEW-AVL,polymarket,1x2,H,-1.0,0.45,0.47,0.4468,0.4468
2026-10-04T09:55:48+00:00,20261017-NEW-AVL,polymarket,1x2,D,-1.0,0.24,0.26,0.2519,0.2519
2026-10-04T09:55:48+00:00,20261017-NEW-AVL,polymarket,1x2,A,-1.0,0.28,0.3,0.3014,0.3014
2026-10-04T09:55:48+00:00,20261017-NEW-AVL,polymarket,total,over,2.5,0.59,0.61,0.6195,0.6195
2026-10-04T09:55:48+00:00,20261017-NEW-AVL,polymarket,total,under,2.5,0.39,0.41,0.3805,0.3805
2026-10-04T09:55:48+00:00,20261018-BHA-CRY,kalshi,1x2,H,-1.0,0.59,0.61,0.58,0.58
2026-10-04T09:55:48+00:00,20261018-BHA-CRY,kalshi,1x2,A,-1.0,0.17,0.19,0.1959,0.1959
2026-10-04T09:55:48+00:00,20261018-BHA-CRY,kalshi,1x2,D,-1.0,0.2,0.22,0.2241,0.2241
2026-10-04T09:55:48+00:00,20261018-NFO-ARS,kalshi,1x2,H,-1.0,0.13,0.16,0.2006,0.2006
2026-10-04T09:55:48+00:00,20261018-NFO-ARS,kalshi,1x2,A,-1.0,0.58,0.6,0.522,0.522
2026-10-04T09:55:48+00:00,20261018-NFO-ARS,kalshi,1x2,D,-1.0,0.23,0.26,0.2774,0.2774
2026-10-04T15:25:02+00:00,20261010-ARS-LEE,kalshi,total,over,2.5,0.54,0.56,0.476,0.476
2026-10-04T15:25:02+00:00,20261010-ARS-LEE,kalshi,total,under,2.5,0.44,0.46,0.524,0.524
2026-10-04T15:25:02+00:00,20261010-SUN-BHA,kalshi,total,over,2.5,0.53,0.55,0.5745,0.5745
2026-10-04T15:25:02+00:00,20261010-SUN-BHA,kalshi,total,under,2.5,0.45,0.47,0.4255,0.4255
2026-10-04T15:25:02+00:00,20261011-CRY-NFO,kalshi,total,over,2.5,0.48,0.49,0.5248,0.5248
2026-10-04T15:25:02+00:00,20261011-CRY-NFO,kalshi,total,under,2.5,0.51,0.52,0.4752,0.4752
2026-10-04T15:25:02+00:00,20261011-HUL-EVE,kalshi,1x2,A,-1.0,0.46,0.48,0.388,0.388
2026-10-04T15:25:02+00:00,20261011-HUL-EVE,kalshi,total,over,2.5,0.45,0.46,0.434,0.434
2026-10-04T15:25:02+00:00,20261011-HUL-EVE,kalshi,total,under,2.5,0.54,0.55,0.566,0.566
2026-10-04T15:25:02+00:00,20261017-BRE-LIV,kalshi,1x2,H,-1.0,0.33,0.35,0.3957,0.3957
2026-10-04T15:25:02+00:00,20261017-BRE-LIV,kalshi,1x2,A,-1.0,0.39,0.41,0.3487,0.3487
2026-10-04T15:25:02+00:00,20261017-BRE-LIV,kalshi,1x2,D,-1.0,0.25,0.27,0.2556,0.2556
2026-10-04T15:25:02+00:00,20261017-BRE-LIV,polymarket,1x2,H,-1.0,0.34,0.35,0.3957,0.3957
2026-10-04T15:25:02+00:00,20261017-BRE-LIV,polymarket,1x2,D,-1.0,0.25,0.27,0.2556,0.2556
2026-10-04T15:25:02+00:00,20261017-MCI-IPS,polymarket,1x2,H,-1.0,0.78,0.79,0.787,0.787
2026-10-04T15:25:02+00:00,20261017-NEW-AVL,polymarket,1x2,H,-1.0,0.46,0.47,0.4468,0.4468
2026-10-04T15:25:02+00:00,20261018-BHA-CRY,kalshi,1x2,H,-1.0,0.59,0.62,0.58,0.58
2026-10-04T15:25:02+00:00,20261018-BHA-CRY,kalshi,1x2,D,-1.0,0.19,0.22,0.2241,0.2241
2026-10-04T15:25:02+00:00,20261018-NFO-ARS,kalshi,1x2,H,-1.0,0.14,0.16,0.2006,0.2006
2026-10-04T19:41:56+00:00,20261010-CHE-BOU,kalshi,1x2,H,-1.0,0.57,0.58,0.4149,0.4149
2026-10-04T19:41:56+00:00,20261010-CHE-BOU,polymarket,1x2,H,-1.0,0.56,0.57,0.4149,0.4149
2026-10-04T19:41:56+00:00,20261010-CHE-BOU,polymarket,1x2,A,-1.0,0.2,0.22,0.338,0.338
2026-10-04T19:41:56+00:00,20261010-IPS-FUL,kalshi,1x2,H,-1.0,0.34,0.36,0.3095,0.3095
2026-10-04T19:41:56+00:00,20261010-IPS-FUL,kalshi,1x2,D,-1.0,0.26,0.28,0.276,0.276
2026-10-04T19:41:56+00:00,20261010-SUN-BHA,kalshi,1x2,A,-1.0,0.4,0.41,0.4419,0.4419
2026-10-04T19:41:56+00:00,20261010-SUN-BHA,kalshi,1x2,D,-1.0,0.27,0.28,0.2624,0.2624
2026-10-04T19:41:56+00:00,20261011-LIV-MCI,kalshi,1x2,H,-1.0,0.36,0.37,0.3318,0.3318
2026-10-04T19:41:56+00:00,20261011-LIV-MCI,kalshi,total,over,2.5,0.6,0.61,0.6187,0.6187
2026-10-04T19:41:56+00:00,20261011-LIV-MCI,kalshi,total,under,2.5,0.39,0.4,0.3813,0.3813
2026-10-04T19:41:56+00:00,20261011-LIV-MCI,polymarket,1x2,H,-1.0,0.36,0.37,0.3318,0.3318
2026-10-04T19:41:56+00:00,20261012-COV-NEW,kalshi,1x2,A,-1.0,0.44,0.46,0.4698,0.4698
2026-10-04T19:41:56+00:00,20261017-BRE-LIV,kalshi,1x2,D,-1.0,0.24,0.27,0.2556,0.2556
2026-10-04T19:41:56+00:00,20261017-BRE-LIV,polymarket,1x2,H,-1.0,0.33,0.35,0.3957,0.3957
2026-10-04T19:41:56+00:00,20261017-FUL-HUL,kalshi,1x2,H,-1.0,0.55,0.59,0.4797,0.4797
2026-10-04T19:41:56+00:00,20261017-MCI-IPS,polymarket,1x2,A,-1.0,0.07,0.08,0.0726,0.0726
2026-10-04T19:41:56+00:00,20261018-BOU-SUN,kalshi,1x2,A,-1.0,0.24,0.27,0.2268,0.2268
2026-10-04T19:41:56+00:00,20261018-BOU-SUN,kalshi,1x2,D,-1.0,0.24,0.27,0.2537,0.2537
2026-10-04T19:41:56+00:00,20261018-BHA-CRY,kalshi,1x2,A,-1.0,0.15,0.19,0.1959,0.1959
2026-10-04T19:41:56+00:00,20261018-LEE-MUN,kalshi,1x2,H,-1.0,0.31,0.35,0.3766,0.3766
2026-10-04T19:41:56+00:00,20261018-LEE-MUN,kalshi,1x2,D,-1.0,0.23,0.27,0.2711,0.2711
2026-10-04T19:41:56+00:00,20261018-NFO-ARS,kalshi,1x2,H,-1.0,0.12,0.16,0.2006,0.2006
2026-10-04T19:41:56+00:00,20261018-NFO-ARS,kalshi,1x2,A,-1.0,0.55,0.6,0.522,0.522
2026-10-04T19:41:56+00:00,20261018-NFO-ARS,kalshi,1x2,D,-1.0,0.22,0.26,0.2774,0.2774
2026-10-04T23:16:55+00:00,20261010-MUN-TOT,kalshi,1x2,A,-1.0,0.2,0.21,0.1753,0.1753
2026-10-04T23:16:55+00:00,20261011-LIV-MCI,kalshi,1x2,H,-1.0,0.37,0.38,0.3318,0.3318
2026-10-04T23:16:55+00:00,20261011-LIV-MCI,kalshi,1x2,D,-1.0,0.25,0.26,0.2546,0.2546
2026-10-04T23:16:55+00:00,20261012-COV-NEW,kalshi,1x2,A,-1.0,0.44,0.45,0.4698,0.4698
2026-10-04T23:16:55+00:00,20261017-BRE-LIV,polymarket,1x2,H,-1.0,0.34,0.35,0.3957,0.3957
2026-10-04T23:16:55+00:00,20261017-MCI-IPS,polymarket,1x2,D,-1.0,0.12,0.14,0.1405,0.1405
2026-10-04T23:16:55+00:00,20261018-BOU-SUN,kalshi,1x2,A,-1.0,0.23,0.27,0.2268,0.2268
2026-10-04T23:16:55+00:00,20261018-BOU-SUN,kalshi,1x2,D,-1.0,0.23,0.27,0.2537,0.2537
2026-10-04T23:16:55+00:00,20261018-LEE-MUN,kalshi,1x2,H,-1.0,0.32,0.35,0.3766,0.3766
2026-10-04T23:16:55+00:00,20261018-LEE-MUN,kalshi,1x2,A,-1.0,0.38,0.42,0.3523,0.3523
2026-10-04T23:16:55+00:00,20261018-NFO-ARS,kalshi,1x2,H,-1.0,0.07,0.16,0.2006,0.2006
2026-10-04T23:16:55+00:00,20261018-NFO-ARS,kalshi,1x2,A,-1.0,0.42,0.6,0.522,0.522
2026-10-04T23:16:55+00:00,20261018-NFO-ARS,kalshi,1x2,D,-1.0,0.15,0.26,0.2774,0.2774
2026-10-05T02:08:12+00:00,20261010-MUN-TOT,kalshi,1x2,A,-1.0,0.2,0.22,0.1753,0.1753
2026-10-05T02:08:12+00:00,20261010-MUN-TOT,kalshi,1x2,D,-1.0,0.21,0.22,0.2267,0.2267
2026-10-05T02:08:12+00:00,20261010-MUN-TOT,polymarket,1x2,A,-1.0,0.2,0.22,0.1753,0.1753
2026-10-05T02:08:12+00:00,20261017-MCI-IPS,kalshi,1x2,A,-1.0,0.05,0.09,0.0726,0.0726
2026-10-05T02:08:12+00:00,20261017-MCI-IPS,polymarket,total,over,2.5,0.69,0.72,0.7153,0.7153
2026-10-05T02:08:12+00:00,20261017-MCI-IPS,polymarket,total,under,2.5,0.28,0.31,0.2847,0.2847
2026-10-05T02:08:12+00:00,20261018-LEE-MUN,kalshi,1x2,D,-1.0,0.24,0.27,0.2711,0.2711
2026-10-05T02:08:12+00:00,20261018-NFO-ARS,kalshi,1x2,H,-1.0,0.09,0.16,0.2006,0.2006
2026-10-05T02:08:12+00:00,20261018-NFO-ARS,kalshi,1x2,D,-1.0,0.14,0.26,0.2774,0.2774
2026-10-05T02:08:12+00:00,20261019-TOT-COV,kalshi,1x2,H,-1.0,0.62,0.66,0.4859,0.4859
2026-10-05T02:08:12+00:00,20261019-TOT-COV,kalshi,1x2,A,-1.0,0.12,0.16,0.2384,0.2384
2026-10-05T02:08:12+00:00,20261019-TOT-COV,kalshi,1x2,D,-1.0,0.17,0.21,0.2757,0.2757
2026-10-05T09:13:06+00:00,20261010-ARS-LEE,kalshi,1x2,A,-1.0,0.1,0.11,0.1532,0.1532
2026-10-05T09:13:06+00:00,20261010-ARS-LEE,kalshi,total,over,2.5,0.55,0.56,0.476,0.476
2026-10-05T09:13:06+00:00,20261010-ARS-LEE,kalshi,total,under,2.5,0.44,0.45,0.524,0.524
2026-10-05T09:13:06+00:00,20261010-ARS-LEE,polymarket,1x2,A,-1.0,0.11,0.12,0.1532,0.1532
2026-10-05T09:13:06+00:00,20261010-CHE-BOU,kalshi,total,over,2.5,0.65,0.66,0.6511,0.6511
2026-10-05T09:13:06+00:00,20261010-CHE-BOU,kalshi,total,under,2.5,0.34,0.35,0.3489,0.3489
2026-10-05T09:13:06+00:00,20261010-CHE-BOU,polymarket,1x2,A,-1.0,0.2,0.21,0.338,0.338
2026-10-05T09:13:06+00:00,20261010-SUN-BHA,kalshi,1x2,A,-1.0,0.4,0.42,0.4419,0.4419
2026-10-05T09:13:06+00:00,20261010-SUN-BHA,kalshi,total,over,2.5,0.53,0.54,0.5745,0.5745
2026-10-05T09:13:06+00:00,20261010-SUN-BHA,kalshi,total,under,2.5,0.46,0.47,0.4255,0.4255
2026-10-05T09:13:06+00:00,20261010-MUN-TOT,kalshi,1x2,A,-1.0,0.21,0.22,0.1753,0.1753
2026-10-05T09:13:06+00:00,20261010-MUN-TOT,kalshi,1x2,D,-1.0,0.21,0.23,0.2267,0.2267
2026-10-05T09:13:06+00:00,20261010-MUN-TOT,kalshi,total,over,2.5,0.64,0.65,0.6019,0.6019
2026-10-05T09:13:06+00:00,20261010-MUN-TOT,kalshi,total,under,2.5,0.35,0.36,0.3981,0.3981
2026-10-05T09:13:06+00:00,20261010-MUN-TOT,polymarket,1x2,A,-1.0,0.21,0.22,0.1753,0.1753
2026-10-05T09:13:06+00:00,20261011-CRY-NFO,kalshi,1x2,A,-1.0,0.35,0.36,0.336,0.336
2026-10-05T09:13:06+00:00,20261011-LIV-MCI,polymarket,1x2,A,-1.0,0.37,0.38,0.4136,0.4136
2026-10-05T09:13:06+00:00,20261012-COV-NEW,polymarket,1x2,A,-1.0,0.44,0.45,0.4697,0.4697
2026-10-05T09:13:06+00:00,20261017-BRE-LIV,polymarket,1x2,D,-1.0,0.25,0.26,0.2556,0.2556
2026-10-05T09:13:06+00:00,20261017-FUL-HUL,polymarket,1x2,A,-1.0,0.18,0.2,0.2414,0.2414
2026-10-05T09:13:06+00:00,20261017-MCI-IPS,kalshi,1x2,A,-1.0,0.06,0.09,0.0726,0.0726
2026-10-05T09:13:06+00:00,20261017-MCI-IPS,polymarket,1x2,H,-1.0,0.8,0.81,0.7869,0.7869
2026-10-05T09:13:06+00:00,20261017-MCI-IPS,polymarket,1x2,A,-1.0,0.06,0.08,0.0726,0.0726
2026-10-05T09:13:06+00:00,20261017-MCI-IPS,polymarket,total,over,2.5,0.7,0.72,0.7153,0.7153
2026-10-05T09:13:06+00:00,20261017-MCI-IPS,polymarket,total,under,2.5,0.28,0.3,0.2847,0.2847
2026-10-05T09:13:06+00:00,20261017-NEW-AVL,polymarket,1x2,H,-1.0,0.45,0.47,0.4468,0.4468
2026-10-05T09:13:06+00:00,20261018-BOU-SUN,kalshi,1x2,H,-1.0,0.45,0.49,0.5195,0.5195
2026-10-05T09:13:06+00:00,20261018-BOU-SUN,polymarket,1x2,H,-1.0,0.46,0.49,0.5195,0.5195
2026-10-05T09:13:06+00:00,20261018-BOU-SUN,polymarket,1x2,D,-1.0,0.25,0.27,0.2537,0.2537
2026-10-05T09:13:06+00:00,20261018-BOU-SUN,polymarket,1x2,A,-1.0,0.25,0.27,0.2268,0.2268
2026-10-05T09:13:06+00:00,20261018-BOU-SUN,polymarket,total,over,2.5,0.51,0.54,0.5602,0.5602
2026-10-05T09:13:06+00:00,20261018-BOU-SUN,polymarket,total,under,2.5,0.46,0.49,0.4398,0.4398
2026-10-05T09:13:06+00:00,20261018-BHA-CRY,kalshi,1x2,H,-1.0,0.58,0.6,0.5799,0.5799
2026-10-05T09:13:06+00:00,20261018-BHA-CRY,kalshi,1x2,A,-1.0,0.17,0.2,0.1959,0.1959
2026-10-05T09:13:06+00:00,20261018-BHA-CRY,kalshi,1x2,D,-1.0,0.21,0.22,0.2241,0.2241
2026-10-05T09:13:06+00:00,20261018-BHA-CRY,polymarket,1x2,H,-1.0,0.58,0.6,0.5799,0.5799
2026-10-05T09:13:06+00:00,20261018-BHA-CRY,polymarket,1x2,D,-1.0,0.21,0.23,0.2241,0.2241
2026-10-05T09:13:06+00:00,20261018-BHA-CRY,polymarket,1x2,A,-1.0,0.18,0.2,0.1959,0.1959
2026-10-05T09:13:06+00:00,20261018-BHA-CRY,polymarket,total,over,2.5,0.59,0.62,0.6415,0.6415
2026-10-05T09:13:06+00:00,20261018-BHA-CRY,polymarket,total,under,2.5,0.38,0.41,0.3585,0.3585
2026-10-05T09:13:06+00:00,20261018-LEE-MUN,kalshi,1x2,D,-1.0,0.23,0.27,0.2711,0.2711
2026-10-05T09:13:06+00:00,20261018-LEE-MUN,polymarket,1x2,H,-1.0,0.33,0.35,0.3766,0.3766
2026-10-05T09:13:06+00:00,20261018-LEE-MUN,polymarket,1x2,D,-1.0,0.25,0.27,0.2711,0.2711
2026-10-05T09:13:06+00:00,20261018-LEE-MUN,polymarket,1x2,A,-1.0,0.4,0.42,0.3523,0.3523
2026-10-05T09:13:06+00:00,20261018-LEE-MUN,polymarket,total,over,2.5,0.58,0.61,0.5542,0.5542
2026-10-05T09:13:06+00:00,20261018-LEE-MUN,polymarket,total,under,2.5,0.39,0.42,0.4458,0.4458
2026-10-05T09:13:06+00:00,20261018-NFO-ARS,kalshi,1x2,H,-1.0,0.12,0.16,0.2006,0.2006
2026-10-05T09:13:06+00:00,20261018-NFO-ARS,kalshi,1x2,A,-1.0,0.58,0.6,0.522,0.522
2026-10-05T09:13:06+00:00,20261018-NFO-ARS,kalshi,1x2,D,-1.0,0.22,0.26,0.2774,0.2774
2026-10-05T09:13:06+00:00,20261018-NFO-ARS,polymarket,1x2,H,-1.0,0.15,0.16,0.2006,0.2006
2026-10-05T09:13:06+00:00,20261018-NFO-ARS,polymarket,1x2,D,-1.0,0.24,0.26,0.2774,0.2774
2026-10-05T09:13:06+00:00,20261018-NFO-ARS,polymarket,1x2,A,-1.0,0.6,0.62,0.522,0.522
2026-10-05T09:13:06+00:00,20261018-NFO-ARS,polymarket,total,over,2.5,0.49,0.51,0.4469,0.4469
2026-10-05T09:13:06+00:00,20261018-NFO-ARS,polymarket,total,under,2.5,0.49,0.51,0.5531,0.5531
