xi,w_goals,prior_sd,window_days,rps,log_loss,ou_log_loss,n,diff_vs_best,se_vs_best,within_1se,chosen
0.004,0.5,1.0,1825,0.18767833931926003,0.926484646646932,0.6819041316949092,1140,0.00012979958754354208,0.00019787904225991872,True,True
0.003,0.5,1.0,1825,0.18770837678549776,0.9266524447138497,0.68153045170076,1140,0.00015983705378128964,0.00033341023269429566,True,False
0.004,0.25,1.0,1825,0.18779824985492047,0.9271157505417555,0.6796920511284378,1140,0.000249710123203992,0.00046469409471014287,True,False
0.003,0.25,1.0,1825,0.18788147097074942,0.9274544172857084,0.6798596840569932,1140,0.00033293123903290774,0.0005391788120780325,True,False
0.005,0.25,1.0,1825,0.18788592245694882,0.9273978996484217,0.6797275309087975,1140,0.0003373827252323319,0.0004817700163646566,True,False
0.003,0.75,1.0,1825,0.18793744843108437,0.9271603916147685,0.684322053705957,1140,0.00038890869936788813,0.00041312815190665996,True,False
0.002,0.5,1.0,1825,0.1880147752623609,0.9277917314934594,0.6814145116466723,1140,0.0004662355306444211,0.0005855140743145407,True,False
0.006,0.25,1.0,1825,0.18808070292621556,0.9280786745382852,0.6799259476959693,1140,0.0005321631944990655,0.0005530810751225194,True,False
0.002,0.75,1.0,1825,0.18813088128827685,0.9279322255865471,0.6834374587647071,1140,0.0005823415565603667,0.0005996090792936465,True,False
0.002,0.25,1.0,1825,0.18821875233086494,0.9286732189477546,0.6803021090221164,1140,0.0006702125991484526,0.0007116291908214416,True,False
0.004,0.5,2.0,1825,0.18755387258984801,0.9259746393201198,0.6820854987348208,1140,5.332858131554093e-06,8.775666691438058e-05,True,False
0.003,0.5,2.0,1825,0.18759312551340326,0.9262013551391625,0.6817389395077171,1140,4.458578168679799e-05,0.00027082538886961233,True,False
0.004,0.25,2.0,1825,0.1876214221428285,0.9264417784450212,0.6796267232786393,1140,7.288241111202338e-05,0.0004243838364724347,True,False
0.005,0.25,2.0,1825,0.18768233424871206,0.9266032053421167,0.6796000548049648,1140,0.00013379451699556448,0.00044715457492436794,True,False
0.005,0.5,2.0,1825,0.18769358158654606,0.9264115060114703,0.6826236885388923,1140,0.0001450418548295698,0.00021350402533000965,True,False
0.003,0.25,2.0,1825,0.18773199175078373,0.9269062371701262,0.6798847174159718,1140,0.00018345201906721928,0.000503419696674552,True,False
0.006,0.25,2.0,1825,0.18785561988316007,0.9271815180264252,0.6797667913836946,1140,0.0003070801514435721,0.0005301600976624597,True,False
0.003,0.75,2.0,1825,0.18788781316142159,0.9269237950912005,0.6847787736410811,1140,0.00033927342970509287,0.0003921778969863721,True,False
0.002,0.5,2.0,1825,0.18791610423323737,0.9274186573900657,0.6817005422435785,1140,0.0003675645015208747,0.0005534219148217145,True,False
0.002,0.75,2.0,1825,0.1880788285569565,0.9277037973042129,0.6838887096758435,1140,0.000530288825240039,0.0005809302387306668,True,False
0.002,0.25,2.0,1825,0.18809719782139034,0.9282426279297317,0.6804636421200919,1140,0.0005486580896738388,0.000686037295481079,True,False
0.004,0.0,2.0,1825,0.18824175520562594,0.9286757784290851,0.6786388917620448,1140,0.0006932154739094343,0.0008330636322370311,True,False
0.005,0.0,2.0,1825,0.18830749335725638,0.9288506433263383,0.6782735965468908,1140,0.0007589536255398689,0.0008705417380964747,True,False
0.003,0.0,2.0,1825,0.18833402387484366,0.9290715440649123,0.6792661786386279,1140,0.000785484143127147,0.0008421180601340196,True,False
0.006,0.0,2.0,1825,0.18848016579668767,0.9294171313283421,0.6781450154834439,1140,0.0009316260649711663,0.0009352658337076258,True,False
0.004,0.5,5.0,1825,0.1875485397317165,0.9259183645194868,0.6822968902937963,1140,0.0,0.0,True,False
0.003,0.5,5.0,1825,0.18755639995598286,0.9260585724451006,0.6820225719527044,1140,7.860224266369e-06,0.00025020140109591714,True,False
0.004,0.25,5.0,1825,0.1875817659101931,0.9262951276479899,0.6796930484329038,1140,3.3226178476614804e-05,0.00041775592614745616,True,False
0.005,0.25,5.0,1825,0.18765844154847397,0.9264911124592692,0.6796020407794567,1140,0.00010990181675747244,0.000444853852598918,True,False
0.003,0.25,5.0,1825,0.18766889333122547,0.9267021754778141,0.6800621525257778,1140,0.00012035359950896898,0.0004966216632071779,True,False
0.005,0.5,5.0,1825,0.18771449071214327,0.9264299814184042,0.6828027166520677,1140,0.0001659509804267815,0.0002130434144198177,True,False
0.006,0.25,5.0,1825,0.18784366514582698,0.9270950192904667,0.6797280455961009,1140,0.00029512541411049256,0.0005322586593895998,True,False
0.002,0.5,5.0,1825,0.187887939056804,0.9273081191632542,0.6819977208504381,1140,0.0003393993250875288,0.0005453433269575798,True,False
0.003,0.75,5.0,1825,0.1879013115633315,0.9269341803658944,0.685212958156273,1140,0.00035277183161500216,0.00039142864899912796,True,False
0.002,0.25,5.0,1825,0.1880508488640874,0.9280893545994054,0.6806988913119719,1140,0.0005023091323708939,0.0006813849096509277,True,False
0.002,0.75,5.0,1825,0.18808444439296654,0.9276967952406474,0.6842728934641217,1140,0.000535904661250038,0.0005793683822480604,True,False
0.004,0.0,5.0,1825,0.18820146541910202,0.9285502294455231,0.6786206441820773,1140,0.0006529256873855058,0.0008426159751869437,True,False
0.003,0.0,5.0,1825,0.18827122394001716,0.9288939965639331,0.6793799261529998,1140,0.000722684208300673,0.0008489543705523793,True,False
0.005,0.0,5.0,1825,0.18827927724202312,0.9287438825148489,0.6781774374328864,1140,0.0007307375103065966,0.0008832748640368019,True,False
0.006,0.0,5.0,1825,0.18846020780020806,0.9293204219613719,0.6780004546842657,1140,0.0009116680684915779,0.0009509614405260572,True,False
0.003,0.5,0.5,1825,0.18836879343861657,0.929066715716601,0.681615310716788,1140,0.0008202537069000697,0.0004677149127043245,False,False
0.003,0.75,0.5,1825,0.18845685890556668,0.9290944635862807,0.6839377294659776,1140,0.0009083191738501967,0.0004694976909995984,False,False
0.002,0.5,0.5,1825,0.18849135749292922,0.929534480129091,0.6814218752095688,1140,0.0009428177612127227,0.0006585331525425619,False,False
0.004,0.5,0.5,1825,0.1885104168079152,0.9295291424074892,0.6819962887829222,1140,0.0009618770761987107,0.00039364989610030267,False,False
0.002,0.75,0.5,1825,0.18851662207701822,0.9293804893988014,0.6831540238499006,1140,0.0009680823453017162,0.0006446147942077633,False,False
0.003,0.25,0.5,1825,0.18863460876505794,0.930163041634565,0.6802780066654889,1140,0.0010860690333414733,0.0006515471028661982,False,False
0.004,0.75,0.5,1825,0.188667432524702,0.9297739260216679,0.6848459041661888,1140,0.0011188927929854954,0.0004282087580416482,False,False
0.002,0.25,0.5,1825,0.18875269705927017,0.9305867836353823,0.6805168660944775,1140,0.0012041573275536762,0.0007820713473715564,False,False
0.004,0.25,0.5,1825,0.18876387440890882,0.9306002616717901,0.680264829966494,1140,0.0012153346771923282,0.0006127894250906122,False,False
0.005,0.5,0.5,1825,0.18881241261311812,0.9305852160262884,0.6824756685672099,1140,0.001263872881401611,0.00042557163881383334,False,False
0.002,1.0,0.5,1825,0.18881277861795445,0.9301064625171868,0.6856819130563289,1140,0.0012642388862379582,0.0007408553110698629,False,False
0.003,1.0,0.5,1825,0.18887725077531492,0.9302223051708781,0.6872067373002971,1140,0.0013287110435984042,0.0006464372137434203,False,False
0.005,0.75,0.5,1825,0.18903426841703078,0.9310424794964988,0.6857824174719972,1140,0.0014857286853143122,0.00048497406179678876,False,False
0.005,0.25,0.5,1825,0.1890488206534418,0.9316051558479019,0.6803999607502043,1140,0.0015002809217253413,0.0006413625215737307,False,False
0.004,1.0,0.5,1825,0.18920796745860013,0.9313059316186528,0.6887696738121526,1140,0.0016594277268836154,0.0006680272818508778,False,False
0.006,0.5,0.5,1825,0.18920944329789724,0.9319995013084507,0.6830182872918505,1140,0.001660903566180719,0.0005112386515663709,False,False
0.003,0.0,0.5,1825,0.1892746055953455,0.9324124587321695,0.6799692100538169,1140,0.0017260658636290196,0.0009214063502806344,False,False
0.002,0.0,0.5,1825,0.1893156281226189,0.932559011570166,0.6804739088296008,1140,0.0017670883909024029,0.0009786697757361614,False,False
0.006,0.25,0.5,1825,0.18942779521718356,0.9329572036529243,0.6806503971650689,1140,0.0018792554854670561,0.0007068526065704811,False,False
0.004,0.0,0.5,1825,0.18945279560723177,0.9330226347722419,0.6797013876517968,1140,0.0019042558755152528,0.0009266505676866505,False,False
0.006,0.75,0.5,1825,0.1894903903134513,0.9326558374720411,0.6867156919780755,1140,0.001941850581734809,0.0005809898460316668,False,False
0.005,1.0,0.5,1825,0.18968259829622136,0.9329442799966546,0.690272262500859,1140,0.002134058564504861,0.000746261281065004,False,False
0.005,0.0,0.5,1825,0.18977244246214936,0.9341427625871014,0.6796096924253239,1140,0.00222390273043288,0.0009702248454864221,False,False
0.006,0.0,0.5,1825,0.19017773717359632,0.93557373532853,0.6796694288098991,1140,0.002629197441879818,0.0010339526984619299,False,False
0.006,1.0,0.5,1825,0.19023454453845481,0.9348901995594807,0.6916919931282753,1140,0.0026860048067383203,0.000842445583313037,False,False
0.005,0.5,1.0,1825,0.18782461608215878,0.9269673440764344,0.6824392483454704,1140,0.00027607635044226987,0.00025699381213172527,False,False
0.004,0.75,1.0,1825,0.1880347596026228,0.9274303835123651,0.6854336840393496,1140,0.00048621987090630636,0.0003957554270619731,False,False
0.006,0.5,1.0,1825,0.1880782316386167,0.9278574493279651,0.6830890689918326,1140,0.0005296919069001898,0.00039151877379516053,False,False
0.005,0.75,1.0,1825,0.18830707168707278,0.9283591338136223,0.6866535433999085,1140,0.0007585319553562798,0.0004948232297492959,False,False
0.004,0.0,1.0,1825,0.18842659901062564,0.9293612667828837,0.6788556615526202,1140,0.0008780592789091511,0.0008388047740564296,False,False
0.003,0.0,1.0,1825,0.18848220258566567,0.9295977229706264,0.6793588623956472,1140,0.0009336628539491726,0.0008502065445708488,False,False
0.005,0.0,1.0,1825,0.18852929732377716,0.9296931807086648,0.678583927065218,1140,0.000980757592060671,0.0008730153023276017,False,False
0.003,1.0,1.0,1825,0.1885422028608082,0.9289551995698488,0.6881929323803563,1140,0.0009936631290917066,0.0006748195587617203,False,False
0.002,1.0,1.0,1825,0.18854793667979958,0.9290758139494584,0.6863374211421037,1140,0.000999396948083066,0.0007393709533970491,False,False
0.006,0.75,1.0,1825,0.18868162892828297,0.9296862704984635,0.6879330164561033,1140,0.001133089196566495,0.000625942418610272,False,False
0.006,0.0,1.0,1825,0.18873324354518214,0.9303962115999651,0.6785148963837654,1140,0.0011847038134656302,0.0009332056428518423,False,False
0.002,0.0,1.0,1825,0.18876129978188763,0.930600320234224,0.6801386027906432,1140,0.0012127600501711598,0.0009274546638350478,False,False
0.004,1.0,1.0,1825,0.18883388190784772,0.9299280678070377,0.690232909979244,1140,0.00128534217613123,0.0007422618382393386,False,False
0.005,1.0,1.0,1825,0.18929277880665896,0.9315483850441982,0.6923180897820812,1140,0.0017442390749424688,0.0008649674191731139,False,False
0.006,1.0,1.0,1825,0.18984367080517886,0.9335415426274571,0.6944024905846798,1140,0.0022951310734623657,0.0009992502887035079,False,False
0.006,0.5,2.0,1825,0.18794612591481558,0.9272752355271917,0.6833073176518741,1140,0.00039758618309908197,0.0003857060158200282,False,False
0.004,0.75,2.0,1825,0.18800204648867005,0.927235536347354,0.6859553201580839,1140,0.0004535067569535549,0.00039823955465501993,False,False
0.005,0.75,2.0,1825,0.1882971864069651,0.9282330238493698,0.6872764721082373,1140,0.0007486466752486029,0.0005236788327455424,False,False
0.002,1.0,2.0,1825,0.18856309970576374,0.9290786169043626,0.6869948226059769,1140,0.0010145599740472298,0.0007436517009843243,False,False
0.003,1.0,2.0,1825,0.18858543236793643,0.9290503472822138,0.6889627809012261,1140,0.0010368926362199513,0.0006922113104097407,False,False
0.002,0.0,2.0,1825,0.18864368300325773,0.9302007552264165,0.6802166874427014,1140,0.0010951432715412663,0.0009174682990666545,False,False
0.006,0.75,2.0,1825,0.1887008983827738,0.9296536528587814,0.6886920106209061,1140,0.0011523586510573001,0.0006748815784868384,False,False
0.004,1.0,2.0,1825,0.18892744976044115,0.9302011324293586,0.6911887539292042,1140,0.001378910028724662,0.0007833029181584853,False,False
0.005,1.0,2.0,1825,0.18944711262662087,0.9320478215895539,0.6935070255311627,1140,0.0018985728949043519,0.0009294889052261083,False,False
0.006,1.0,2.0,1825,0.19006650597447103,0.9343032847034572,0.6958675371941369,1140,0.002517966242754552,0.0010848658013402367,False,False
0.006,0.5,5.0,1825,0.18798992208027568,0.927361494988821,0.6834717736447087,1140,0.0004413823485592081,0.0003974461698566748,False,False
0.004,0.75,5.0,1825,0.188061393602243,0.9273860918934915,0.6863746832543156,1140,0.0005128538705264999,0.00041023836993222797,False,False
0.005,0.75,5.0,1825,0.18839991814251178,0.9285245265101378,0.6877143919529413,1140,0.0008513784107952564,0.0005505763045485959,False,False
0.002,0.0,5.0,1825,0.18859649369434414,0.9300631125263072,0.6804140371608274,1140,0.0010479539626276457,0.0009207954325510617,False,False
0.002,1.0,5.0,1825,0.18861619088584783,0.929239963678983,0.6874923813594688,1140,0.0010676511541313667,0.0007532521928128789,False,False
0.003,1.0,5.0,1825,0.18866986378156045,0.9293129670858398,0.68959396881667,1140,0.0011213240498439505,0.0007088691167562568,False,False
0.006,0.75,5.0,1825,0.18884466255919274,0.9300839919471049,0.6891604268587581,1140,0.0012961228274762566,0.0007130159169478052,False,False
0.004,1.0,5.0,1825,0.18907815069856349,0.9306841238652003,0.6918820829252346,1140,0.0015296109668469782,0.00081257155740779,False,False
0.005,1.0,5.0,1825,0.1896648430579956,0.9327668988890951,0.6942901453255247,1140,0.0021163033262791083,0.0009748571087070468,False,False
0.006,1.0,5.0,1825,0.1903504108636304,0.9352653866516919,0.6967466986755663,1140,0.002801871131913875,0.0011459804678756553,False,False
