event_id,kickoff_utc,home,away,first_forecast_utc,last_forecast_utc,p_h,p_d,p_a,lam,nu,book_h,book_d,book_a,book,hg,ag
401920045,2026-09-25T16:00:00+00:00,Gambia,Somalia,2026-09-25T15:18:52+00:00,2026-09-25T15:36:29+00:00,0.75733,0.16486,0.07781,,,0.84870,0.11680,0.03450,DraftKings,2.00000,1.00000
401920042,2026-09-25T16:00:00+00:00,Malawi,South Sudan,2026-09-25T15:18:52+00:00,2026-09-25T15:36:29+00:00,0.54024,0.29014,0.16962,,,0.57020,0.26990,0.15990,DraftKings,2.00000,1.00000
401920047,2026-09-25T16:00:00+00:00,Nigeria,Madagascar,2026-09-25T15:18:52+00:00,2026-09-25T15:36:29+00:00,0.76919,0.14605,0.08476,,,0.82190,0.13090,0.04710,DraftKings,2.00000,1.00000
401920046,2026-09-25T16:00:00+00:00,Rwanda,Liberia,2026-09-25T15:18:52+00:00,2026-09-25T15:36:29+00:00,0.49223,0.31663,0.19115,,,0.54430,0.25700,0.19880,DraftKings,3.00000,1.00000
401920044,2026-09-25T16:00:00+00:00,Togo,Burundi,2026-09-25T15:18:52+00:00,2026-09-25T15:36:29+00:00,0.49014,0.26241,0.24745,,,0.60250,0.25490,0.14260,DraftKings,1.00000,0.00000
401920036,2026-09-25T19:00:00+00:00,Morocco,Gabon,2026-09-25T15:18:52+00:00,2026-09-25T18:43:22+00:00,0.83682,0.11833,0.04484,2.77202,0.52483,0.86270,0.10150,0.03580,DraftKings,2.00000,0.00000
401920039,2026-09-25T19:00:00+00:00,Mali,Cape Verde,2026-09-25T15:18:52+00:00,2026-09-25T18:43:22+00:00,0.53391,0.28982,0.17626,1.36576,0.66266,0.43370,0.31590,0.25040,DraftKings,3.00000,1.00000
401920040,2026-09-25T19:00:00+00:00,Algeria,Zambia,2026-09-25T15:18:52+00:00,2026-09-25T18:43:22+00:00,0.82206,0.11715,0.06079,3.04110,0.76457,0.80380,0.14970,0.04650,DraftKings,3.00000,1.00000
401920037,2026-09-25T19:00:00+00:00,Burkina Faso,Benin,2026-09-25T15:18:52+00:00,2026-09-25T18:43:22+00:00,0.60687,0.22559,0.16754,1.90941,0.90105,0.62940,0.24940,0.12120,DraftKings,1.00000,1.00000
401920038,2026-09-25T19:00:00+00:00,Egypt,Angola,2026-09-25T15:18:52+00:00,2026-09-25T18:43:22+00:00,0.56630,0.27958,0.15412,1.43018,0.61173,0.71690,0.20350,0.07960,DraftKings,0.00000,0.00000
401920035,2026-09-26T13:00:00+00:00,Kenya,Eritrea,2026-09-25T15:18:52+00:00,2026-09-26T07:50:12+00:00,0.37755,0.27181,0.35064,1.34624,1.28847,0.69370,0.21170,0.09460,DraftKings,1.00000,1.00000
401920034,2026-09-26T13:00:00+00:00,South Africa,Guinea,2026-09-25T15:18:52+00:00,2026-09-26T07:50:12+00:00,0.45980,0.29320,0.24699,1.31222,0.88602,0.50500,0.29170,0.20340,DraftKings,2.00000,1.00000
401920032,2026-09-28T16:00:00+00:00,Central African Republic,Burkina Faso,2026-09-25T15:18:52+00:00,2026-09-28T08:47:09+00:00,0.12492,0.18607,0.68901,0.88270,2.30215,0.10080,0.21070,0.68850,DraftKings,0.00000,1.00000
401920033,2026-09-28T16:00:00+00:00,Equatorial Guinea,Sierra Leone,2026-09-25T15:18:52+00:00,2026-09-28T08:47:09+00:00,0.37013,0.31267,0.31719,1.08620,0.98362,0.47780,0.29760,0.22470,DraftKings,1.00000,0.00000
401920031,2026-09-28T16:00:00+00:00,Zimbabwe,DR Congo,2026-09-25T15:18:52+00:00,2026-09-28T08:47:09+00:00,0.21629,0.30638,0.47733,0.74265,1.24613,0.17740,0.28310,0.53950,DraftKings,1.00000,2.00000
401920030,2026-09-28T19:00:00+00:00,Tunisia,Botswana,2026-09-25T15:18:52+00:00,2026-09-28T17:43:05+00:00,0.70286,0.20803,0.08912,1.90167,0.52069,0.81340,0.14120,0.04550,DraftKings,2.00000,2.00000
401920029,2026-09-29T12:00:00+00:00,Comoros,Namibia,2026-09-25T15:18:52+00:00,2026-09-29T05:51:47+00:00,0.38658,0.31605,0.29737,1.09426,0.92310,0.51120,0.29830,0.19050,DraftKings,,
401920004,2026-09-29T13:00:00+00:00,Mozambique,Sudan,2026-09-25T15:18:52+00:00,2026-09-29T05:51:47+00:00,0.46025,0.29410,0.24566,1.30589,0.87731,0.49280,0.32330,0.18390,DraftKings,,
401920006,2026-09-29T13:00:00+00:00,Lesotho,Morocco,2026-09-25T15:18:52+00:00,2026-09-29T05:51:47+00:00,0.02780,0.13131,0.84089,0.26260,2.33435,0.01910,0.05290,0.92800,DraftKings,,
401920027,2026-09-29T13:00:00+00:00,South Sudan,Egypt,2026-09-25T15:18:52+00:00,2026-09-29T05:51:47+00:00,0.06404,0.17432,0.76165,0.46019,2.13149,0.05020,0.14160,0.80820,DraftKings,,
401920028,2026-09-29T13:00:00+00:00,Burundi,Algeria,2026-09-25T15:18:52+00:00,2026-09-29T05:51:47+00:00,0.09969,0.16387,0.73644,0.82800,2.50741,0.07730,0.18220,0.74050,DraftKings,,
401920005,2026-09-29T13:00:00+00:00,Ethiopia,Senegal,2026-09-25T15:18:52+00:00,2026-09-29T05:51:47+00:00,0.08981,0.17873,0.73146,0.64885,2.22872,0.10180,0.21180,0.68640,DraftKings,,
401920002,2026-09-29T14:00:00+00:00,Madagascar,Tanzania,2026-09-25T15:18:52+00:00,2026-09-29T05:51:47+00:00,0.36615,0.32208,0.31177,1.03355,0.93044,0.39400,0.32710,0.27880,DraftKings,,
401920003,2026-09-29T16:00:00+00:00,Cape Verde,Rwanda,2026-09-25T15:18:52+00:00,2026-09-29T05:51:47+00:00,0.40683,0.35205,0.24111,0.96822,0.67436,0.66820,0.23140,0.10050,DraftKings,,
401919999,2026-09-29T16:00:00+00:00,Ghana,Gambia,2026-09-25T15:18:52+00:00,2026-09-29T05:51:47+00:00,0.53233,0.24776,0.21991,1.71624,1.02058,0.65440,0.22510,0.12050,DraftKings,,
401920000,2026-09-29T16:00:00+00:00,Guinea-Bissau,Nigeria,2026-09-25T15:18:52+00:00,2026-09-29T05:51:47+00:00,0.14242,0.22959,0.62799,0.74438,1.82891,0.11830,0.24590,0.63580,DraftKings,,
401920001,2026-09-29T16:00:00+00:00,Uganda,Libya,2026-09-25T15:18:52+00:00,2026-09-29T05:51:47+00:00,0.40855,0.29429,0.29716,1.24595,1.02130,0.48310,0.31320,0.20370,DraftKings,,
401919998,2026-09-29T16:00:00+00:00,Zambia,Togo,2026-09-25T15:18:52+00:00,2026-09-29T05:51:47+00:00,0.45399,0.26605,0.27995,1.50630,1.13035,0.49020,0.29330,0.21650,DraftKings,,
401919992,2026-09-29T19:00:00+00:00,Benin,Mauritania,2026-09-25T15:18:52+00:00,2026-09-29T05:51:47+00:00,0.37547,0.34098,0.28355,0.96906,0.80173,0.37520,0.35220,0.27260,DraftKings,,
401919995,2026-09-29T19:00:00+00:00,Congo,Cameroon,2026-09-25T15:18:52+00:00,2026-09-29T05:51:47+00:00,0.11269,0.21463,0.67268,0.64048,1.90982,,,,,,
401919993,2026-09-29T19:00:00+00:00,Gabon,Niger,2026-09-25T15:18:52+00:00,2026-09-29T05:51:47+00:00,0.52470,0.22983,0.24547,1.92393,1.26095,0.61000,0.25090,0.13910,DraftKings,,
401919994,2026-09-29T19:00:00+00:00,Liberia,Mali,2026-09-25T15:18:52+00:00,2026-09-29T05:51:47+00:00,0.11503,0.23446,0.65051,0.57835,1.73147,,,,,,
401919996,2026-09-29T19:00:00+00:00,Somalia,Ivory Coast,2026-09-25T15:18:52+00:00,2026-09-29T05:51:47+00:00,0.03945,0.15222,0.80834,0.32073,2.20234,0.02010,0.06080,0.91910,DraftKings,,
401919991,2026-09-30T16:00:00+00:00,Eritrea,South Africa,2026-09-25T15:18:52+00:00,2026-09-29T05:51:47+00:00,0.23136,0.30908,0.45956,0.77701,1.21624,,,,,,
401919997,2026-10-01T16:00:00+00:00,Guinea,Kenya,2026-09-25T15:18:52+00:00,2026-09-29T05:51:47+00:00,0.59424,0.23538,0.17038,1.81226,0.86140,,,,,,
401919990,2026-10-06T19:00:00+00:00,Angola,Malawi,2026-09-25T15:18:52+00:00,2026-09-29T05:51:47+00:00,0.57206,0.28588,0.14206,1.38551,0.54717,,,,,,
