match_id,season,gameweek,kickoff_utc,home,away,first_forecast_utc,last_forecast_utc,model_version,model_h,model_d,model_a,model_o25,fair_h,fair_d,fair_a,fair_o25,book_h,book_d,book_a,book_o25,book_source,kalshi_h,kalshi_d,kalshi_a,poly_h,poly_d,poly_a,hg,ag,result
20261010-ARS-LEE,2026,6,2026-10-10T11:30:00+00:00,Arsenal,Leeds,2026-09-24T04:17:09+00:00,2026-10-04T09:55:48+00:00,dc-xg-v1,0.59612,0.25067,0.15321,0.47603,0.59612,0.25067,0.15321,0.47603,,,,,,0.71500,0.17500,0.11500,0.70500,0.18500,0.10500,,,
20261010-AVL-BRE,2026,6,2026-10-10T14:00:00+00:00,Aston Villa,Brentford,2026-09-24T04:17:09+00:00,2026-10-04T09:55:48+00:00,dc-xg-v1,0.36551,0.25971,0.37478,0.60213,0.36551,0.25971,0.37478,0.60213,,,,,,0.36000,0.26500,0.37500,0.35500,0.27500,0.37500,,,
20261010-CHE-BOU,2026,6,2026-10-10T14:00:00+00:00,Chelsea,Bournemouth,2026-09-24T04:17:09+00:00,2026-10-04T09:55:48+00:00,dc-xg-v1,0.41488,0.24716,0.33796,0.65111,0.41488,0.24716,0.33796,0.65111,,,,,,0.56500,0.22500,0.20500,0.55500,0.23500,0.21500,,,
20261010-IPS-FUL,2026,6,2026-10-10T14:00:00+00:00,Ipswich,Fulham,2026-09-24T04:17:09+00:00,2026-10-04T09:55:48+00:00,dc-xg-v1,0.30948,0.27598,0.41455,0.52630,0.30948,0.27598,0.41455,0.52630,,,,,,0.35500,0.26500,0.38000,0.35500,0.26500,0.37500,,,
20261010-SUN-BHA,2026,6,2026-10-10T14:00:00+00:00,Sunderland,Brighton,2026-09-24T04:17:09+00:00,2026-10-04T09:55:48+00:00,dc-xg-v1,0.29569,0.26238,0.44193,0.57454,0.29569,0.26238,0.44193,0.57454,,,,,,0.32000,0.26500,0.41000,0.32500,0.27500,0.40500,,,
20261010-MUN-TOT,2026,6,2026-10-10T16:30:00+00:00,Man United,Tottenham,2026-09-24T04:17:09+00:00,2026-10-04T09:55:48+00:00,dc-xg-v1,0.59803,0.22669,0.17528,0.60189,0.59803,0.22669,0.17528,0.60189,,,,,,0.57500,0.22000,0.21000,0.57500,0.22500,0.20500,,,
20261011-CRY-NFO,2026,6,2026-10-11T13:00:00+00:00,Crystal Palace,Nott'm Forest,2026-09-24T04:17:09+00:00,2026-10-04T09:55:48+00:00,dc-xg-v1,0.38606,0.27798,0.33596,0.52478,0.38606,0.27798,0.33596,0.52478,,,,,,0.36000,0.28500,0.35000,0.36500,0.28500,0.35500,,,
20261011-HUL-EVE,2026,6,2026-10-11T13:00:00+00:00,Hull,Everton,2026-09-24T04:17:09+00:00,2026-10-04T09:55:48+00:00,dc-xg-v1,0.31107,0.30094,0.38799,0.43399,0.31107,0.30094,0.38799,0.43399,,,,,,0.25000,0.28500,0.46500,0.25500,0.28500,0.46500,,,
20261011-LIV-MCI,2026,6,2026-10-11T15:30:00+00:00,Liverpool,Man City,2026-09-24T04:17:09+00:00,2026-10-04T09:55:48+00:00,dc-xg-v1,0.33180,0.25462,0.41358,0.61871,0.33180,0.25462,0.41358,0.61871,,,,,,0.37500,0.25000,0.38500,0.37000,0.25500,0.38500,,,
20261012-COV-NEW,2026,6,2026-10-12T19:00:00+00:00,Coventry,Newcastle,2026-09-24T04:17:09+00:00,2026-10-04T09:55:48+00:00,dc-xg-v1,0.26888,0.26135,0.46977,0.56401,0.26888,0.26135,0.46977,0.56401,,,,,,0.28500,0.26000,0.44500,0.29000,0.26500,0.45000,,,
20261017-EVE-CHE,2026,7,2026-10-17T11:30:00+00:00,Everton,Chelsea,2026-09-26T13:12:07+00:00,2026-10-04T09:55:48+00:00,dc-xg-v1,0.38275,0.26770,0.34955,0.56791,0.38275,0.26770,0.34955,0.56791,,,,,,0.33500,0.25000,0.40000,0.34000,0.26000,0.41000,,,
20261017-MCI-IPS,2026,7,2026-10-17T14:00:00+00:00,Man City,Ipswich,2026-09-26T17:15:51+00:00,2026-10-04T09:55:48+00:00,dc-xg-v1,0.78696,0.14048,0.07256,0.71535,0.78696,0.14048,0.07256,0.71535,,,,,,0.78500,0.11500,0.07500,0.79000,0.13500,0.07000,,,
20261017-BRE-LIV,2026,7,2026-10-17T14:00:00+00:00,Brentford,Liverpool,2026-09-26T17:15:51+00:00,2026-10-04T09:55:48+00:00,dc-xg-v1,0.39566,0.25563,0.34871,0.61777,0.39566,0.25563,0.34871,0.61777,,,,,,0.33500,0.25500,0.39000,0.34000,0.25000,0.40000,,,
20261017-FUL-HUL,2026,7,2026-10-17T14:00:00+00:00,Fulham,Hull,2026-09-26T17:15:51+00:00,2026-10-04T09:55:48+00:00,dc-xg-v1,0.47968,0.27887,0.24144,0.47872,0.47968,0.27887,0.24144,0.47872,,,,,,0.56500,0.22500,0.18000,0.57000,0.24000,0.19500,,,
20261017-NEW-AVL,2026,7,2026-10-17T16:30:00+00:00,Newcastle,Aston Villa,2026-09-26T17:15:51+00:00,2026-10-04T09:55:48+00:00,dc-xg-v1,0.44676,0.25188,0.30137,0.61946,0.44676,0.25188,0.30137,0.61946,,,,,,0.45500,0.25000,0.29000,0.46000,0.25000,0.29000,,,
20261018-BOU-SUN,2026,7,2026-10-18T13:00:00+00:00,Bournemouth,Sunderland,2026-09-27T14:44:22+00:00,2026-10-04T09:55:48+00:00,dc-xg-v1,0.51956,0.25365,0.22679,0.56025,0.51956,0.25365,0.22679,0.56025,,,,,,0.47500,0.26000,0.26000,,,,,,
20261018-BHA-CRY,2026,7,2026-10-18T13:00:00+00:00,Brighton,Crystal Palace,2026-09-27T14:44:22+00:00,2026-10-04T09:55:48+00:00,dc-xg-v1,0.57997,0.22414,0.19590,0.64154,0.57997,0.22414,0.19590,0.64154,,,,,,0.60000,0.21000,0.18000,,,,,,
20261018-LEE-MUN,2026,7,2026-10-18T13:00:00+00:00,Leeds,Man United,2026-09-27T14:44:22+00:00,2026-10-04T09:55:48+00:00,dc-xg-v1,0.37660,0.27112,0.35228,0.55418,0.37660,0.27112,0.35228,0.55418,,,,,,0.33500,0.26000,0.40500,,,,,,
20261018-NFO-ARS,2026,7,2026-10-18T15:30:00+00:00,Nott'm Forest,Arsenal,2026-09-27T19:02:05+00:00,2026-10-04T09:55:48+00:00,dc-xg-v1,0.20060,0.27737,0.52203,0.44691,0.20060,0.27737,0.52203,0.44691,,,,,,0.14500,0.24500,0.59000,,,,,,
20261019-TOT-COV,2026,7,2026-10-19T19:00:00+00:00,Tottenham,Coventry,2026-09-28T23:22:08+00:00,2026-10-04T09:55:48+00:00,dc-xg-v1,0.48588,0.27573,0.23838,0.48766,0.48588,0.27573,0.23838,0.48766,,,,,,,,,,,,,,
20261023-IPS-NFO,2026,8,2026-10-23T19:00:00+00:00,Ipswich,Nott'm Forest,2026-10-02T19:23:39+00:00,2026-10-04T09:55:48+00:00,dc-xg-v1,0.27708,0.27469,0.44822,0.51731,0.27708,0.27469,0.44822,0.51731,,,,,,,,,,,,,,
20261024-AVL-MCI,2026,8,2026-10-24T11:30:00+00:00,Aston Villa,Man City,2026-10-03T11:48:28+00:00,2026-10-04T09:55:48+00:00,dc-xg-v1,0.23808,0.24185,0.52007,0.61737,0.23808,0.24185,0.52007,0.61737,,,,,,,,,,,,,,
20261024-ARS-EVE,2026,8,2026-10-24T14:00:00+00:00,Arsenal,Everton,2026-10-03T16:29:23+00:00,2026-10-04T09:55:48+00:00,dc-xg-v1,0.63270,0.23933,0.12797,0.47009,0.63270,0.23933,0.12797,0.47009,,,,,,,,,,,,,,
20261024-COV-FUL,2026,8,2026-10-24T14:00:00+00:00,Coventry,Fulham,2026-10-03T16:29:23+00:00,2026-10-04T09:55:48+00:00,dc-xg-v1,0.30510,0.28930,0.40560,0.47435,0.30510,0.28930,0.40560,0.47435,,,,,,,,,,,,,,
20261024-CHE-TOT,2026,8,2026-10-24T16:30:00+00:00,Chelsea,Tottenham,2026-10-03T19:59:52+00:00,2026-10-04T09:55:48+00:00,dc-xg-v1,0.55276,0.23341,0.21383,0.62632,0.55276,0.23341,0.21383,0.62632,,,,,,,,,,,,,,
