id,type,first_seen_utc,venue,match_id,team,what,action,price,cost,expected
season|Nott'm Forest|relegation|polymarket|yes,season,2026-09-24T15:26:18+00:00,Polymarket,,Nott'm Forest,Nott'm Forest to be relegated,buy,0.08,0.0837,0.9622370936902487
season|Coventry|relegation|kalshi|no,season,2026-09-24T15:26:18+00:00,Kalshi,,Coventry,Coventry not to be relegated,buy,0.30000000000000004,0.3147,0.31998728948204613
season|Nott'm Forest|relegation|kalshi|yes,season,2026-09-24T15:26:18+00:00,Kalshi,,Nott'm Forest,Nott'm Forest to be relegated,buy,0.12,0.1274,0.2889349409696056
season|Chelsea|top4|polymarket|no,season,2026-09-24T15:26:18+00:00,Polymarket,,Chelsea,Chelsea not to finish top four,buy,0.48,0.4925,0.2207602339181287
season|Man City|title|polymarket|yes,season,2026-09-24T15:26:18+00:00,Polymarket,,Man City,Man City to win the league,buy,0.39,0.3971,0.20008964160982234
season|Sunderland|relegation|polymarket|yes,season,2026-09-24T15:26:18+00:00,Polymarket,,Sunderland,Sunderland to be relegated,buy,0.22,0.2286,0.194330212617027
season|Coventry|relegation|polymarket|no,season,2026-09-24T15:26:18+00:00,Polymarket,,Coventry,Coventry not to be relegated,buy,0.33999999999999997,0.3512,0.18273446842434948
season|Man City|title|kalshi|yes,season,2026-09-24T15:26:18+00:00,Kalshi,,Man City,Man City to win the league,buy,0.4,0.4168,0.14347408829174668
season|Liverpool|top4|polymarket|yes,season,2026-09-24T15:26:18+00:00,Polymarket,,Liverpool,Liverpool to finish top four,buy,0.57,0.5823,0.11085349202668948
season|Ipswich|relegation|polymarket|no,season,2026-09-24T15:26:18+00:00,Polymarket,,Ipswich,Ipswich not to be relegated,buy,0.55,0.5624,0.1095799066459211
season|Hull|relegation|polymarket|yes,season,2026-09-24T15:26:18+00:00,Polymarket,,Hull,Hull to be relegated,buy,0.56,0.5723,0.0962398658093373
season|Hull|relegation|kalshi|yes,season,2026-09-24T15:26:18+00:00,Kalshi,,Hull,Hull to be relegated,buy,0.56,0.5772,0.08688120184045656
season|Arsenal|title|polymarket|no,season,2026-09-24T15:26:18+00:00,Polymarket,,Arsenal,Arsenal not to win the league,buy,0.52,0.5275,0.08665979131278778
season|Crystal Palace|relegation|kalshi|no,season,2026-09-24T15:26:18+00:00,Kalshi,,Crystal Palace,Crystal Palace not to be relegated,buy,0.6699999999999999,0.6855,0.0719542741769601
season|Crystal Palace|relegation|polymarket|no,season,2026-09-24T15:26:18+00:00,Polymarket,,Crystal Palace,Crystal Palace not to be relegated,buy,0.6799999999999999,0.6909,0.0635710977304309
season|Man City|top4|polymarket|yes,season,2026-09-24T15:26:18+00:00,Polymarket,,Man City,Man City to finish top four,buy,0.91,0.9141,0.06312801185872385
season|Newcastle|relegation|kalshi|no,season,2026-09-24T15:26:18+00:00,Kalshi,,Newcastle,Newcastle not to be relegated,buy,0.9,0.9063,0.06145867814189554
season|Fulham|relegation|polymarket|no,season,2026-09-24T15:26:18+00:00,Polymarket,,Fulham,Fulham not to be relegated,buy,0.72,0.7301,0.046186719263642484
season|Tottenham|top4|polymarket|no,season,2026-09-24T15:26:18+00:00,Polymarket,,Tottenham,Tottenham not to finish top four,buy,0.94,0.9428,0.03837423898517223
season|Leeds|top4|polymarket|no,season,2026-09-24T15:26:18+00:00,Polymarket,,Leeds,Leeds not to finish top four,buy,0.91,0.9141,0.03468457873634567
season|Aston Villa|relegation|polymarket|yes,season,2026-09-24T15:38:00+00:00,Polymarket,,Aston Villa,Aston Villa to be relegated,buy,0.056,0.0586,0.5381152460984395
season|Brighton|top4|polymarket|no,season,2026-09-24T15:38:00+00:00,Polymarket,,Brighton,Brighton not to finish top four,buy,0.71,0.7203,0.042767199550184154
season|Everton|relegation|polymarket|no,season,2026-09-24T19:17:55+00:00,Polymarket,,Everton,Everton not to be relegated,buy,0.9,0.9045,0.03571033720287442
season|Aston Villa|relegation|kalshi|no,season,2026-09-24T19:17:55+00:00,Kalshi,,Aston Villa,Aston Villa not to be relegated,buy,0.87,0.8779,0.03551930307762596
season|Man United|relegation|polymarket|no,season,2026-09-25T13:55:09+00:00,Polymarket,,Man United,Man United not to be relegated,buy,0.959,0.961,0.03437587981135026
season|Arsenal|title|kalshi|no,season,2026-09-25T18:43:05+00:00,Kalshi,,Arsenal,Arsenal not to win the league,buy,0.4,0.4168,0.42034548944337824
season|Chelsea|title|kalshi|no,season,2026-09-25T18:43:05+00:00,Kalshi,,Chelsea,Chelsea not to win the league,buy,0.95,0.9533,0.031757270605512256
season|Man City|relegation|polymarket|no,season,2026-09-25T19:18:19+00:00,Polymarket,,Man City,Man City not to be relegated,buy,0.748,0.7574,0.32026308090255284
season|Man City|relegation|kalshi|no,season,2026-09-26T01:39:23+00:00,Kalshi,,Man City,Man City not to be relegated,buy,0.76,0.7728,0.2940494430411198
season|Aston Villa|top4|polymarket|no,season,2026-09-26T17:15:51+00:00,Polymarket,,Aston Villa,Aston Villa not to finish top four,buy,0.92,0.9237,0.04744067209423175
season|Sunderland|top4|polymarket|no,season,2026-09-26T22:57:48+00:00,Polymarket,,Sunderland,Sunderland not to finish top four,buy,0.959,0.961,0.036977428804839674
season|Newcastle|top4|polymarket|yes,season,2026-09-28T08:46:50+00:00,Polymarket,,Newcastle,Newcastle to finish top four,buy,0.07,0.0733,0.426523786772234
season|Leeds|relegation|kalshi|no,season,2026-09-29T05:51:29+00:00,Kalshi,,Leeds,Leeds not to be relegated,buy,0.9,0.9063,0.045680238331678336
season|Chelsea|title|polymarket|no,season,2026-09-29T23:01:05+00:00,Polymarket,,Chelsea,Chelsea not to win the league,buy,0.952,0.9534,0.032127182235731855
season|Fulham|relegation|kalshi|no,season,2026-10-02T00:52:47+00:00,Kalshi,,Fulham,Fulham not to be relegated,buy,0.72,0.7341,0.04534457957368909
season|Newcastle|relegation|polymarket|no,season,2026-10-02T19:23:39+00:00,Polymarket,,Newcastle,Newcastle not to be relegated,buy,0.911,0.9151,0.05698685853440666
season|Everton|top4|polymarket|no,season,2026-10-06T00:52:01+00:00,Polymarket,,Everton,Everton not to finish top four,buy,0.91,0.9141,0.05437618628260732
maker|20261010-ARS-LEE|H,maker,2026-10-06T15:17:02+00:00,Kalshi,20261010-ARS-LEE,,Arsenal to win,offer,0.72,0.2835,0.022558
maker|20261010-ARS-LEE|D,maker,2026-10-06T15:17:02+00:00,Kalshi,20261010-ARS-LEE,,Draw,bid,0.18,0.1826,0.017133
maker|20261010-AVL-BRE|D,maker,2026-10-06T15:17:02+00:00,Kalshi,20261010-AVL-BRE,,Draw,bid,0.27,0.2734,0.017133
maker|20261010-CHE-BOU|H,maker,2026-10-06T15:17:02+00:00,Kalshi,20261010-CHE-BOU,,Chelsea to win,offer,0.58,0.4243,0.022558
maker|20261010-CHE-BOU|D,maker,2026-10-06T15:17:02+00:00,Kalshi,20261010-CHE-BOU,,Draw,bid,0.22,0.223,0.017133
maker|20261010-IPS-FUL|D,maker,2026-10-06T15:17:02+00:00,Kalshi,20261010-IPS-FUL,,Draw,bid,0.27,0.2734,0.017133
maker|20261010-SUN-BHA|D,maker,2026-10-06T15:17:02+00:00,Kalshi,20261010-SUN-BHA,,Draw,bid,0.27,0.2734,0.017133
maker|20261010-MUN-TOT|A,maker,2026-10-06T20:24:44+00:00,Kalshi,20261010-MUN-TOT,,Tottenham to win,offer,0.22,0.783,0.022558
maker|20261010-MUN-TOT|D,maker,2026-10-06T20:24:44+00:00,Kalshi,20261010-MUN-TOT,,Draw,bid,0.22,0.223,0.017133
maker|20261010-MUN-TOT|H,maker,2026-10-07T00:47:26+00:00,Kalshi,20261010-MUN-TOT,,Man United to win,offer,0.58,0.4243,0.022558
